ISO-10303-21;
HEADER;
/* Generated by software containing ST-Developer
 * from STEP Tools, Inc. (www.steptools.com) 
 */

FILE_DESCRIPTION(
/* description */ (''),
/* implementation_level */ '2;1');

FILE_NAME(
/* name */ 'Actual para Heart v2.step',
/* time_stamp */ '2024-05-25T19:07:11+01:00',
/* author */ (''),
/* organization */ (''),
/* preprocessor_version */ 'ST-DEVELOPER v20',
/* originating_system */ 'Autodesk Translation Framework v13.14.0.145',

/* authorisation */ '');

FILE_SCHEMA (('AUTOMOTIVE_DESIGN { 1 0 10303 214 3 1 1 }'));
ENDSEC;

DATA;
#10=MECHANICAL_DESIGN_GEOMETRIC_PRESENTATION_REPRESENTATION('',(#13),#2309);
#11=SHAPE_REPRESENTATION_RELATIONSHIP('SRR','None',#2316,#12);
#12=ADVANCED_BREP_SHAPE_REPRESENTATION('',(#14),#2308);
#13=STYLED_ITEM('',(#2325),#14);
#14=MANIFOLD_SOLID_BREP('Body1',#1249);
#15=SPHERICAL_SURFACE('',#1365,1.);
#16=SPHERICAL_SURFACE('',#1454,1.);
#17=B_SPLINE_CURVE_WITH_KNOTS('',3,(#2112,#2113,#2114,#2115,#2116,#2117,
#2118,#2119,#2120,#2121,#2122,#2123,#2124,#2125),.UNSPECIFIED.,.F.,.F.,
(4,2,2,2,2,2,4),(-0.39797724781768,-0.397272919828069,-0.347419453195229,
-0.301892478938698,-0.25919968444674,-0.227002020280203,-0.198636459914035),
 .UNSPECIFIED.);
#18=B_SPLINE_CURVE_WITH_KNOTS('',3,(#2283,#2284,#2285,#2286,#2287,#2288,
#2289,#2290,#2291,#2292,#2293,#2294,#2295,#2296),.UNSPECIFIED.,.F.,.F.,
(4,2,2,2,2,2,4),(-0.39797724781869,-0.397272919829086,-0.34741945319611,
-0.301892478939458,-0.259199684447387,-0.22700202028077,-0.198636459914533),
 .UNSPECIFIED.);
#19=FACE_BOUND('',#297,.T.);
#20=FACE_BOUND('',#298,.T.);
#21=FACE_BOUND('',#299,.T.);
#22=FACE_BOUND('',#300,.T.);
#23=FACE_BOUND('',#334,.T.);
#24=FACE_BOUND('',#335,.T.);
#25=FACE_BOUND('',#336,.T.);
#26=FACE_BOUND('',#337,.T.);
#27=PLANE('',#1289);
#28=PLANE('',#1321);
#29=PLANE('',#1324);
#30=PLANE('',#1345);
#31=PLANE('',#1367);
#32=PLANE('',#1370);
#33=PLANE('',#1374);
#34=PLANE('',#1403);
#35=PLANE('',#1425);
#36=PLANE('',#1427);
#37=PLANE('',#1441);
#38=PLANE('',#1443);
#39=LINE('',#1927,#105);
#40=LINE('',#1928,#106);
#41=LINE('',#1939,#107);
#42=LINE('',#1940,#108);
#43=LINE('',#1952,#109);
#44=LINE('',#1955,#110);
#45=LINE('',#1958,#111);
#46=LINE('',#1962,#112);
#47=LINE('',#1967,#113);
#48=LINE('',#1969,#114);
#49=LINE('',#1977,#115);
#50=LINE('',#1981,#116);
#51=LINE('',#1985,#117);
#52=LINE('',#1988,#118);
#53=LINE('',#1995,#119);
#54=LINE('',#1999,#120);
#55=LINE('',#2012,#121);
#56=LINE('',#2020,#122);
#57=LINE('',#2028,#123);
#58=LINE('',#2034,#124);
#59=LINE('',#2037,#125);
#60=LINE('',#2039,#126);
#61=LINE('',#2040,#127);
#62=LINE('',#2043,#128);
#63=LINE('',#2047,#129);
#64=LINE('',#2048,#130);
#65=LINE('',#2051,#131);
#66=LINE('',#2070,#132);
#67=LINE('',#2076,#133);
#68=LINE('',#2079,#134);
#69=LINE('',#2082,#135);
#70=LINE('',#2085,#136);
#71=LINE('',#2086,#137);
#72=LINE('',#2089,#138);
#73=LINE('',#2101,#139);
#74=LINE('',#2107,#140);
#75=LINE('',#2133,#141);
#76=LINE('',#2138,#142);
#77=LINE('',#2140,#143);
#78=LINE('',#2141,#144);
#79=LINE('',#2144,#145);
#80=LINE('',#2148,#146);
#81=LINE('',#2149,#147);
#82=LINE('',#2157,#148);
#83=LINE('',#2159,#149);
#84=LINE('',#2169,#150);
#85=LINE('',#2173,#151);
#86=LINE('',#2177,#152);
#87=LINE('',#2181,#153);
#88=LINE('',#2189,#154);
#89=LINE('',#2193,#155);
#90=LINE('',#2197,#156);
#91=LINE('',#2201,#157);
#92=LINE('',#2214,#158);
#93=LINE('',#2221,#159);
#94=LINE('',#2223,#160);
#95=LINE('',#2228,#161);
#96=LINE('',#2237,#162);
#97=LINE('',#2249,#163);
#98=LINE('',#2251,#164);
#99=LINE('',#2253,#165);
#100=LINE('',#2258,#166);
#101=LINE('',#2266,#167);
#102=LINE('',#2273,#168);
#103=LINE('',#2275,#169);
#104=LINE('',#2304,#170);
#105=VECTOR('',#1473,10.);
#106=VECTOR('',#1474,10.);
#107=VECTOR('',#1487,10.);
#108=VECTOR('',#1488,10.);
#109=VECTOR('',#1505,10.);
#110=VECTOR('',#1508,10.);
#111=VECTOR('',#1511,10.);
#112=VECTOR('',#1516,10.);
#113=VECTOR('',#1521,10.);
#114=VECTOR('',#1522,10.);
#115=VECTOR('',#1529,10.);
#116=VECTOR('',#1532,10.);
#117=VECTOR('',#1535,10.);
#118=VECTOR('',#1538,10.);
#119=VECTOR('',#1543,10.);
#120=VECTOR('',#1546,10.);
#121=VECTOR('',#1563,10.);
#122=VECTOR('',#1574,10.);
#123=VECTOR('',#1585,10.);
#124=VECTOR('',#1594,10.);
#125=VECTOR('',#1597,10.);
#126=VECTOR('',#1598,10.);
#127=VECTOR('',#1599,10.);
#128=VECTOR('',#1602,10.);
#129=VECTOR('',#1607,10.);
#130=VECTOR('',#1608,10.);
#131=VECTOR('',#1611,10.);
#132=VECTOR('',#1638,10.);
#133=VECTOR('',#1647,10.);
#134=VECTOR('',#1650,10.);
#135=VECTOR('',#1653,10.);
#136=VECTOR('',#1656,10.);
#137=VECTOR('',#1657,10.);
#138=VECTOR('',#1660,10.);
#139=VECTOR('',#1675,3.);
#140=VECTOR('',#1682,10.);
#141=VECTOR('',#1699,10.);
#142=VECTOR('',#1706,10.);
#143=VECTOR('',#1707,10.);
#144=VECTOR('',#1708,10.);
#145=VECTOR('',#1711,10.);
#146=VECTOR('',#1716,10.);
#147=VECTOR('',#1717,10.);
#148=VECTOR('',#1726,10.);
#149=VECTOR('',#1727,10.);
#150=VECTOR('',#1736,10.);
#151=VECTOR('',#1739,10.);
#152=VECTOR('',#1742,10.);
#153=VECTOR('',#1745,10.);
#154=VECTOR('',#1752,10.);
#155=VECTOR('',#1755,10.);
#156=VECTOR('',#1758,10.);
#157=VECTOR('',#1761,10.);
#158=VECTOR('',#1782,10.);
#159=VECTOR('',#1795,10.);
#160=VECTOR('',#1798,10.);
#161=VECTOR('',#1805,10.);
#162=VECTOR('',#1818,10.);
#163=VECTOR('',#1841,10.);
#164=VECTOR('',#1844,10.);
#165=VECTOR('',#1847,10.);
#166=VECTOR('',#1854,10.);
#167=VECTOR('',#1867,10.);
#168=VECTOR('',#1880,10.);
#169=VECTOR('',#1883,10.);
#170=VECTOR('',#1910,10.);
#171=CYLINDRICAL_SURFACE('',#1268,1.);
#172=CYLINDRICAL_SURFACE('',#1274,1.);
#173=CYLINDRICAL_SURFACE('',#1283,1.);
#174=CYLINDRICAL_SURFACE('',#1285,8.51270921999909);
#175=CYLINDRICAL_SURFACE('',#1287,1.);
#176=CYLINDRICAL_SURFACE('',#1305,1.);
#177=CYLINDRICAL_SURFACE('',#1310,1.);
#178=CYLINDRICAL_SURFACE('',#1315,1.);
#179=CYLINDRICAL_SURFACE('',#1320,1.);
#180=CYLINDRICAL_SURFACE('',#1322,2.);
#181=CYLINDRICAL_SURFACE('',#1325,2.);
#182=CYLINDRICAL_SURFACE('',#1337,1.);
#183=CYLINDRICAL_SURFACE('',#1342,1.);
#184=CYLINDRICAL_SURFACE('',#1343,1.);
#185=CYLINDRICAL_SURFACE('',#1346,1.);
#186=CYLINDRICAL_SURFACE('',#1352,3.);
#187=CYLINDRICAL_SURFACE('',#1355,1.);
#188=CYLINDRICAL_SURFACE('',#1363,1.);
#189=CYLINDRICAL_SURFACE('',#1368,1.);
#190=CYLINDRICAL_SURFACE('',#1396,1.);
#191=CYLINDRICAL_SURFACE('',#1400,1.);
#192=CYLINDRICAL_SURFACE('',#1404,1.);
#193=CYLINDRICAL_SURFACE('',#1405,8.51270921999644);
#194=CYLINDRICAL_SURFACE('',#1406,1.);
#195=CYLINDRICAL_SURFACE('',#1412,1.);
#196=CYLINDRICAL_SURFACE('',#1417,1.);
#197=CYLINDRICAL_SURFACE('',#1421,1.);
#198=CYLINDRICAL_SURFACE('',#1424,2.);
#199=CYLINDRICAL_SURFACE('',#1426,2.);
#200=CYLINDRICAL_SURFACE('',#1428,1.);
#201=CYLINDRICAL_SURFACE('',#1434,1.);
#202=CYLINDRICAL_SURFACE('',#1442,1.);
#203=CYLINDRICAL_SURFACE('',#1444,1.);
#204=CYLINDRICAL_SURFACE('',#1452,1.);
#205=CYLINDRICAL_SURFACE('',#1455,11.2132034355964);
#206=CYLINDRICAL_SURFACE('',#1456,11.2132034355964);
#207=FACE_OUTER_BOUND('',#287,.T.);
#208=FACE_OUTER_BOUND('',#288,.T.);
#209=FACE_OUTER_BOUND('',#289,.T.);
#210=FACE_OUTER_BOUND('',#290,.T.);
#211=FACE_OUTER_BOUND('',#291,.T.);
#212=FACE_OUTER_BOUND('',#292,.T.);
#213=FACE_OUTER_BOUND('',#293,.T.);
#214=FACE_OUTER_BOUND('',#294,.T.);
#215=FACE_OUTER_BOUND('',#295,.T.);
#216=FACE_OUTER_BOUND('',#296,.T.);
#217=FACE_OUTER_BOUND('',#301,.T.);
#218=FACE_OUTER_BOUND('',#302,.T.);
#219=FACE_OUTER_BOUND('',#303,.T.);
#220=FACE_OUTER_BOUND('',#304,.T.);
#221=FACE_OUTER_BOUND('',#305,.T.);
#222=FACE_OUTER_BOUND('',#306,.T.);
#223=FACE_OUTER_BOUND('',#307,.T.);
#224=FACE_OUTER_BOUND('',#308,.T.);
#225=FACE_OUTER_BOUND('',#309,.T.);
#226=FACE_OUTER_BOUND('',#310,.T.);
#227=FACE_OUTER_BOUND('',#311,.T.);
#228=FACE_OUTER_BOUND('',#312,.T.);
#229=FACE_OUTER_BOUND('',#313,.T.);
#230=FACE_OUTER_BOUND('',#314,.T.);
#231=FACE_OUTER_BOUND('',#315,.T.);
#232=FACE_OUTER_BOUND('',#316,.T.);
#233=FACE_OUTER_BOUND('',#317,.T.);
#234=FACE_OUTER_BOUND('',#318,.T.);
#235=FACE_OUTER_BOUND('',#319,.T.);
#236=FACE_OUTER_BOUND('',#320,.T.);
#237=FACE_OUTER_BOUND('',#321,.T.);
#238=FACE_OUTER_BOUND('',#322,.T.);
#239=FACE_OUTER_BOUND('',#323,.T.);
#240=FACE_OUTER_BOUND('',#324,.T.);
#241=FACE_OUTER_BOUND('',#325,.T.);
#242=FACE_OUTER_BOUND('',#326,.T.);
#243=FACE_OUTER_BOUND('',#327,.T.);
#244=FACE_OUTER_BOUND('',#328,.T.);
#245=FACE_OUTER_BOUND('',#329,.T.);
#246=FACE_OUTER_BOUND('',#330,.T.);
#247=FACE_OUTER_BOUND('',#331,.T.);
#248=FACE_OUTER_BOUND('',#332,.T.);
#249=FACE_OUTER_BOUND('',#333,.T.);
#250=FACE_OUTER_BOUND('',#338,.T.);
#251=FACE_OUTER_BOUND('',#339,.T.);
#252=FACE_OUTER_BOUND('',#340,.T.);
#253=FACE_OUTER_BOUND('',#341,.T.);
#254=FACE_OUTER_BOUND('',#342,.T.);
#255=FACE_OUTER_BOUND('',#343,.T.);
#256=FACE_OUTER_BOUND('',#344,.T.);
#257=FACE_OUTER_BOUND('',#345,.T.);
#258=FACE_OUTER_BOUND('',#346,.T.);
#259=FACE_OUTER_BOUND('',#347,.T.);
#260=FACE_OUTER_BOUND('',#348,.T.);
#261=FACE_OUTER_BOUND('',#349,.T.);
#262=FACE_OUTER_BOUND('',#350,.T.);
#263=FACE_OUTER_BOUND('',#351,.T.);
#264=FACE_OUTER_BOUND('',#352,.T.);
#265=FACE_OUTER_BOUND('',#353,.T.);
#266=FACE_OUTER_BOUND('',#354,.T.);
#267=FACE_OUTER_BOUND('',#355,.T.);
#268=FACE_OUTER_BOUND('',#356,.T.);
#269=FACE_OUTER_BOUND('',#357,.T.);
#270=FACE_OUTER_BOUND('',#358,.T.);
#271=FACE_OUTER_BOUND('',#359,.T.);
#272=FACE_OUTER_BOUND('',#360,.T.);
#273=FACE_OUTER_BOUND('',#361,.T.);
#274=FACE_OUTER_BOUND('',#362,.T.);
#275=FACE_OUTER_BOUND('',#363,.T.);
#276=FACE_OUTER_BOUND('',#364,.T.);
#277=FACE_OUTER_BOUND('',#365,.T.);
#278=FACE_OUTER_BOUND('',#366,.T.);
#279=FACE_OUTER_BOUND('',#367,.T.);
#280=FACE_OUTER_BOUND('',#368,.T.);
#281=FACE_OUTER_BOUND('',#369,.T.);
#282=FACE_OUTER_BOUND('',#370,.T.);
#283=FACE_OUTER_BOUND('',#371,.T.);
#284=FACE_OUTER_BOUND('',#372,.T.);
#285=FACE_OUTER_BOUND('',#373,.T.);
#286=FACE_OUTER_BOUND('',#374,.T.);
#287=EDGE_LOOP('',(#775,#776,#777,#778));
#288=EDGE_LOOP('',(#779,#780,#781,#782));
#289=EDGE_LOOP('',(#783,#784,#785,#786));
#290=EDGE_LOOP('',(#787,#788,#789,#790));
#291=EDGE_LOOP('',(#791,#792,#793,#794));
#292=EDGE_LOOP('',(#795,#796,#797,#798));
#293=EDGE_LOOP('',(#799,#800,#801,#802));
#294=EDGE_LOOP('',(#803,#804,#805,#806));
#295=EDGE_LOOP('',(#807,#808,#809,#810));
#296=EDGE_LOOP('',(#811,#812,#813,#814));
#297=EDGE_LOOP('',(#815,#816,#817,#818,#819,#820,#821,#822));
#298=EDGE_LOOP('',(#823));
#299=EDGE_LOOP('',(#824,#825,#826,#827,#828,#829));
#300=EDGE_LOOP('',(#830,#831,#832,#833,#834,#835));
#301=EDGE_LOOP('',(#836,#837,#838,#839));
#302=EDGE_LOOP('',(#840,#841,#842,#843));
#303=EDGE_LOOP('',(#844,#845,#846,#847));
#304=EDGE_LOOP('',(#848,#849,#850,#851));
#305=EDGE_LOOP('',(#852,#853,#854,#855));
#306=EDGE_LOOP('',(#856,#857,#858,#859));
#307=EDGE_LOOP('',(#860,#861,#862,#863));
#308=EDGE_LOOP('',(#864,#865,#866,#867));
#309=EDGE_LOOP('',(#868,#869,#870,#871));
#310=EDGE_LOOP('',(#872,#873,#874,#875));
#311=EDGE_LOOP('',(#876,#877,#878,#879));
#312=EDGE_LOOP('',(#880,#881,#882,#883));
#313=EDGE_LOOP('',(#884,#885,#886,#887));
#314=EDGE_LOOP('',(#888,#889,#890,#891));
#315=EDGE_LOOP('',(#892,#893,#894,#895));
#316=EDGE_LOOP('',(#896,#897,#898,#899));
#317=EDGE_LOOP('',(#900,#901,#902,#903));
#318=EDGE_LOOP('',(#904,#905,#906,#907));
#319=EDGE_LOOP('',(#908,#909,#910,#911));
#320=EDGE_LOOP('',(#912,#913,#914,#915));
#321=EDGE_LOOP('',(#916,#917,#918,#919));
#322=EDGE_LOOP('',(#920,#921,#922,#923,#924));
#323=EDGE_LOOP('',(#925,#926,#927,#928,#929,#930));
#324=EDGE_LOOP('',(#931,#932,#933,#934));
#325=EDGE_LOOP('',(#935,#936,#937,#938));
#326=EDGE_LOOP('',(#939,#940,#941,#942));
#327=EDGE_LOOP('',(#943,#944,#945,#946));
#328=EDGE_LOOP('',(#947,#948,#949));
#329=EDGE_LOOP('',(#950,#951,#952,#953));
#330=EDGE_LOOP('',(#954,#955,#956,#957));
#331=EDGE_LOOP('',(#958,#959,#960,#961));
#332=EDGE_LOOP('',(#962,#963,#964,#965,#966));
#333=EDGE_LOOP('',(#967,#968,#969,#970));
#334=EDGE_LOOP('',(#971,#972,#973,#974,#975,#976));
#335=EDGE_LOOP('',(#977,#978,#979,#980,#981,#982));
#336=EDGE_LOOP('',(#983,#984,#985,#986,#987,#988,#989,#990));
#337=EDGE_LOOP('',(#991));
#338=EDGE_LOOP('',(#992,#993,#994,#995));
#339=EDGE_LOOP('',(#996,#997,#998,#999));
#340=EDGE_LOOP('',(#1000,#1001,#1002,#1003));
#341=EDGE_LOOP('',(#1004,#1005,#1006,#1007));
#342=EDGE_LOOP('',(#1008,#1009,#1010,#1011));
#343=EDGE_LOOP('',(#1012,#1013,#1014,#1015));
#344=EDGE_LOOP('',(#1016,#1017,#1018,#1019));
#345=EDGE_LOOP('',(#1020,#1021,#1022,#1023));
#346=EDGE_LOOP('',(#1024,#1025,#1026,#1027));
#347=EDGE_LOOP('',(#1028,#1029,#1030,#1031));
#348=EDGE_LOOP('',(#1032,#1033,#1034,#1035));
#349=EDGE_LOOP('',(#1036,#1037,#1038,#1039));
#350=EDGE_LOOP('',(#1040,#1041,#1042,#1043));
#351=EDGE_LOOP('',(#1044,#1045,#1046,#1047));
#352=EDGE_LOOP('',(#1048,#1049,#1050,#1051));
#353=EDGE_LOOP('',(#1052,#1053,#1054,#1055));
#354=EDGE_LOOP('',(#1056,#1057,#1058,#1059));
#355=EDGE_LOOP('',(#1060,#1061,#1062,#1063));
#356=EDGE_LOOP('',(#1064,#1065,#1066,#1067));
#357=EDGE_LOOP('',(#1068,#1069,#1070,#1071));
#358=EDGE_LOOP('',(#1072,#1073,#1074,#1075));
#359=EDGE_LOOP('',(#1076,#1077,#1078,#1079));
#360=EDGE_LOOP('',(#1080,#1081,#1082,#1083));
#361=EDGE_LOOP('',(#1084,#1085,#1086,#1087));
#362=EDGE_LOOP('',(#1088,#1089,#1090,#1091));
#363=EDGE_LOOP('',(#1092,#1093,#1094,#1095));
#364=EDGE_LOOP('',(#1096,#1097,#1098,#1099));
#365=EDGE_LOOP('',(#1100,#1101,#1102,#1103));
#366=EDGE_LOOP('',(#1104,#1105,#1106,#1107));
#367=EDGE_LOOP('',(#1108,#1109,#1110,#1111));
#368=EDGE_LOOP('',(#1112,#1113,#1114,#1115));
#369=EDGE_LOOP('',(#1116,#1117,#1118,#1119));
#370=EDGE_LOOP('',(#1120,#1121,#1122,#1123));
#371=EDGE_LOOP('',(#1124,#1125,#1126,#1127));
#372=EDGE_LOOP('',(#1128,#1129,#1130));
#373=EDGE_LOOP('',(#1131,#1132,#1133,#1134));
#374=EDGE_LOOP('',(#1135,#1136,#1137,#1138));
#375=CIRCLE('',#1264,1.);
#376=CIRCLE('',#1265,2.);
#377=CIRCLE('',#1266,1.);
#378=CIRCLE('',#1267,1.);
#379=CIRCLE('',#1269,1.);
#380=CIRCLE('',#1271,1.);
#381=CIRCLE('',#1272,1.);
#382=CIRCLE('',#1273,2.);
#383=CIRCLE('',#1275,1.);
#384=CIRCLE('',#1277,1.);
#385=CIRCLE('',#1278,1.);
#386=CIRCLE('',#1279,2.);
#387=CIRCLE('',#1281,8.51270921999909);
#388=CIRCLE('',#1282,9.51270921999908);
#389=CIRCLE('',#1284,1.);
#390=CIRCLE('',#1286,8.51270921999909);
#391=CIRCLE('',#1288,1.);
#392=CIRCLE('',#1290,10.2132034355964);
#393=CIRCLE('',#1291,10.2132034355964);
#394=CIRCLE('',#1292,3.);
#395=CIRCLE('',#1293,3.);
#396=CIRCLE('',#1294,3.);
#397=CIRCLE('',#1295,3.);
#398=CIRCLE('',#1296,4.);
#399=CIRCLE('',#1297,2.);
#400=CIRCLE('',#1298,2.);
#401=CIRCLE('',#1299,2.);
#402=CIRCLE('',#1300,9.51270921999644);
#403=CIRCLE('',#1302,1.00000000000001);
#404=CIRCLE('',#1303,1.);
#405=CIRCLE('',#1304,2.);
#406=CIRCLE('',#1306,1.);
#407=CIRCLE('',#1308,1.);
#408=CIRCLE('',#1309,2.);
#409=CIRCLE('',#1311,1.);
#410=CIRCLE('',#1313,1.);
#411=CIRCLE('',#1314,2.);
#412=CIRCLE('',#1316,1.);
#413=CIRCLE('',#1318,1.);
#414=CIRCLE('',#1319,2.);
#415=CIRCLE('',#1323,2.);
#416=CIRCLE('',#1326,2.);
#417=CIRCLE('',#1328,0.999999999999996);
#418=CIRCLE('',#1329,1.);
#419=CIRCLE('',#1330,1.);
#420=CIRCLE('',#1332,1.);
#421=CIRCLE('',#1333,8.51270921999644);
#422=CIRCLE('',#1335,1.);
#423=CIRCLE('',#1336,1.);
#424=CIRCLE('',#1338,1.);
#425=CIRCLE('',#1340,1.);
#426=CIRCLE('',#1341,1.);
#427=CIRCLE('',#1344,1.);
#428=CIRCLE('',#1347,1.);
#429=CIRCLE('',#1349,3.);
#430=CIRCLE('',#1350,1.);
#431=CIRCLE('',#1351,3.);
#432=CIRCLE('',#1353,3.);
#433=CIRCLE('',#1354,3.);
#434=CIRCLE('',#1356,1.);
#435=CIRCLE('',#1357,1.);
#436=CIRCLE('',#1359,11.2132034355964);
#437=CIRCLE('',#1361,1.);
#438=CIRCLE('',#1362,11.2132034355964);
#439=CIRCLE('',#1364,1.);
#440=CIRCLE('',#1366,1.);
#441=CIRCLE('',#1369,1.);
#442=CIRCLE('',#1372,4.);
#443=CIRCLE('',#1373,1.);
#444=CIRCLE('',#1375,10.2132034355964);
#445=CIRCLE('',#1376,10.2132034355964);
#446=CIRCLE('',#1377,9.51270921999644);
#447=CIRCLE('',#1378,2.);
#448=CIRCLE('',#1379,2.);
#449=CIRCLE('',#1380,2.);
#450=CIRCLE('',#1381,2.);
#451=CIRCLE('',#1382,2.);
#452=CIRCLE('',#1383,9.51270921999908);
#453=CIRCLE('',#1384,2.);
#454=CIRCLE('',#1385,3.);
#455=CIRCLE('',#1386,3.);
#456=CIRCLE('',#1387,3.);
#457=CIRCLE('',#1388,3.);
#458=CIRCLE('',#1390,1.);
#459=CIRCLE('',#1391,8.51270921999644);
#460=CIRCLE('',#1392,1.);
#461=CIRCLE('',#1394,1.);
#462=CIRCLE('',#1395,1.);
#463=CIRCLE('',#1397,1.);
#464=CIRCLE('',#1399,1.);
#465=CIRCLE('',#1401,1.);
#466=CIRCLE('',#1407,1.);
#467=CIRCLE('',#1408,1.);
#468=CIRCLE('',#1410,1.);
#469=CIRCLE('',#1411,2.);
#470=CIRCLE('',#1413,1.);
#471=CIRCLE('',#1415,1.);
#472=CIRCLE('',#1416,2.);
#473=CIRCLE('',#1418,1.);
#474=CIRCLE('',#1420,1.);
#475=CIRCLE('',#1422,1.);
#476=CIRCLE('',#1429,1.);
#477=CIRCLE('',#1430,1.);
#478=CIRCLE('',#1432,1.);
#479=CIRCLE('',#1433,1.);
#480=CIRCLE('',#1435,1.);
#481=CIRCLE('',#1437,1.);
#482=CIRCLE('',#1439,0.999999999999999);
#483=CIRCLE('',#1445,1.);
#484=CIRCLE('',#1446,1.);
#485=CIRCLE('',#1448,11.2132034355964);
#486=CIRCLE('',#1450,1.);
#487=CIRCLE('',#1451,11.2132034355964);
#488=CIRCLE('',#1453,1.);
#489=VERTEX_POINT('',#1915);
#490=VERTEX_POINT('',#1916);
#491=VERTEX_POINT('',#1918);
#492=VERTEX_POINT('',#1920);
#493=VERTEX_POINT('',#1924);
#494=VERTEX_POINT('',#1925);
#495=VERTEX_POINT('',#1930);
#496=VERTEX_POINT('',#1931);
#497=VERTEX_POINT('',#1936);
#498=VERTEX_POINT('',#1937);
#499=VERTEX_POINT('',#1942);
#500=VERTEX_POINT('',#1943);
#501=VERTEX_POINT('',#1951);
#502=VERTEX_POINT('',#1953);
#503=VERTEX_POINT('',#1957);
#504=VERTEX_POINT('',#1961);
#505=VERTEX_POINT('',#1965);
#506=VERTEX_POINT('',#1966);
#507=VERTEX_POINT('',#1968);
#508=VERTEX_POINT('',#1970);
#509=VERTEX_POINT('',#1973);
#510=VERTEX_POINT('',#1974);
#511=VERTEX_POINT('',#1976);
#512=VERTEX_POINT('',#1978);
#513=VERTEX_POINT('',#1980);
#514=VERTEX_POINT('',#1982);
#515=VERTEX_POINT('',#1984);
#516=VERTEX_POINT('',#1986);
#517=VERTEX_POINT('',#1989);
#518=VERTEX_POINT('',#1991);
#519=VERTEX_POINT('',#1992);
#520=VERTEX_POINT('',#1994);
#521=VERTEX_POINT('',#1996);
#522=VERTEX_POINT('',#1998);
#523=VERTEX_POINT('',#2000);
#524=VERTEX_POINT('',#2004);
#525=VERTEX_POINT('',#2006);
#526=VERTEX_POINT('',#2010);
#527=VERTEX_POINT('',#2014);
#528=VERTEX_POINT('',#2018);
#529=VERTEX_POINT('',#2022);
#530=VERTEX_POINT('',#2026);
#531=VERTEX_POINT('',#2030);
#532=VERTEX_POINT('',#2036);
#533=VERTEX_POINT('',#2038);
#534=VERTEX_POINT('',#2042);
#535=VERTEX_POINT('',#2046);
#536=VERTEX_POINT('',#2050);
#537=VERTEX_POINT('',#2054);
#538=VERTEX_POINT('',#2056);
#539=VERTEX_POINT('',#2060);
#540=VERTEX_POINT('',#2064);
#541=VERTEX_POINT('',#2068);
#542=VERTEX_POINT('',#2072);
#543=VERTEX_POINT('',#2078);
#544=VERTEX_POINT('',#2080);
#545=VERTEX_POINT('',#2084);
#546=VERTEX_POINT('',#2088);
#547=VERTEX_POINT('',#2092);
#548=VERTEX_POINT('',#2093);
#549=VERTEX_POINT('',#2098);
#550=VERTEX_POINT('',#2099);
#551=VERTEX_POINT('',#2104);
#552=VERTEX_POINT('',#2106);
#553=VERTEX_POINT('',#2110);
#554=VERTEX_POINT('',#2127);
#555=VERTEX_POINT('',#2131);
#556=VERTEX_POINT('',#2137);
#557=VERTEX_POINT('',#2139);
#558=VERTEX_POINT('',#2143);
#559=VERTEX_POINT('',#2147);
#560=VERTEX_POINT('',#2151);
#561=VERTEX_POINT('',#2155);
#562=VERTEX_POINT('',#2156);
#563=VERTEX_POINT('',#2158);
#564=VERTEX_POINT('',#2160);
#565=VERTEX_POINT('',#2163);
#566=VERTEX_POINT('',#2164);
#567=VERTEX_POINT('',#2166);
#568=VERTEX_POINT('',#2168);
#569=VERTEX_POINT('',#2170);
#570=VERTEX_POINT('',#2172);
#571=VERTEX_POINT('',#2175);
#572=VERTEX_POINT('',#2176);
#573=VERTEX_POINT('',#2178);
#574=VERTEX_POINT('',#2180);
#575=VERTEX_POINT('',#2182);
#576=VERTEX_POINT('',#2184);
#577=VERTEX_POINT('',#2187);
#578=VERTEX_POINT('',#2188);
#579=VERTEX_POINT('',#2190);
#580=VERTEX_POINT('',#2192);
#581=VERTEX_POINT('',#2194);
#582=VERTEX_POINT('',#2196);
#583=VERTEX_POINT('',#2198);
#584=VERTEX_POINT('',#2200);
#585=VERTEX_POINT('',#2205);
#586=VERTEX_POINT('',#2209);
#587=VERTEX_POINT('',#2227);
#588=VERTEX_POINT('',#2231);
#589=VERTEX_POINT('',#2235);
#590=VERTEX_POINT('',#2257);
#591=VERTEX_POINT('',#2261);
#592=VERTEX_POINT('',#2281);
#593=EDGE_CURVE('',#489,#490,#375,.T.);
#594=EDGE_CURVE('',#490,#491,#376,.T.);
#595=EDGE_CURVE('',#491,#492,#377,.T.);
#596=EDGE_CURVE('',#492,#489,#378,.T.);
#597=EDGE_CURVE('',#493,#494,#379,.T.);
#598=EDGE_CURVE('',#494,#492,#39,.T.);
#599=EDGE_CURVE('',#491,#493,#40,.T.);
#600=EDGE_CURVE('',#495,#496,#380,.T.);
#601=EDGE_CURVE('',#496,#494,#381,.T.);
#602=EDGE_CURVE('',#493,#495,#382,.T.);
#603=EDGE_CURVE('',#497,#498,#383,.T.);
#604=EDGE_CURVE('',#498,#496,#41,.T.);
#605=EDGE_CURVE('',#495,#497,#42,.T.);
#606=EDGE_CURVE('',#499,#500,#384,.T.);
#607=EDGE_CURVE('',#500,#498,#385,.T.);
#608=EDGE_CURVE('',#497,#499,#386,.T.);
#609=EDGE_CURVE('',#489,#500,#387,.T.);
#610=EDGE_CURVE('',#499,#490,#388,.T.);
#611=EDGE_CURVE('',#500,#501,#43,.T.);
#612=EDGE_CURVE('',#502,#501,#389,.T.);
#613=EDGE_CURVE('',#502,#498,#44,.T.);
#614=EDGE_CURVE('',#503,#489,#45,.T.);
#615=EDGE_CURVE('',#501,#503,#390,.T.);
#616=EDGE_CURVE('',#492,#504,#46,.T.);
#617=EDGE_CURVE('',#503,#504,#391,.T.);
#618=EDGE_CURVE('',#505,#506,#47,.T.);
#619=EDGE_CURVE('',#507,#505,#48,.T.);
#620=EDGE_CURVE('',#508,#507,#392,.T.);
#621=EDGE_CURVE('',#506,#508,#393,.T.);
#622=EDGE_CURVE('',#509,#510,#394,.T.);
#623=EDGE_CURVE('',#511,#509,#49,.T.);
#624=EDGE_CURVE('',#512,#511,#395,.T.);
#625=EDGE_CURVE('',#513,#512,#50,.T.);
#626=EDGE_CURVE('',#514,#513,#396,.T.);
#627=EDGE_CURVE('',#515,#514,#51,.T.);
#628=EDGE_CURVE('',#516,#515,#397,.T.);
#629=EDGE_CURVE('',#510,#516,#52,.T.);
#630=EDGE_CURVE('',#517,#517,#398,.T.);
#631=EDGE_CURVE('',#518,#519,#399,.T.);
#632=EDGE_CURVE('',#520,#518,#53,.T.);
#633=EDGE_CURVE('',#521,#520,#400,.T.);
#634=EDGE_CURVE('',#522,#521,#54,.T.);
#635=EDGE_CURVE('',#523,#522,#401,.T.);
#636=EDGE_CURVE('',#519,#523,#402,.T.);
#637=EDGE_CURVE('',#524,#509,#403,.T.);
#638=EDGE_CURVE('',#510,#525,#404,.T.);
#639=EDGE_CURVE('',#525,#524,#405,.T.);
#640=EDGE_CURVE('',#516,#526,#406,.T.);
#641=EDGE_CURVE('',#526,#525,#55,.T.);
#642=EDGE_CURVE('',#515,#527,#407,.T.);
#643=EDGE_CURVE('',#527,#526,#408,.T.);
#644=EDGE_CURVE('',#514,#528,#409,.T.);
#645=EDGE_CURVE('',#528,#527,#56,.T.);
#646=EDGE_CURVE('',#513,#529,#410,.T.);
#647=EDGE_CURVE('',#529,#528,#411,.T.);
#648=EDGE_CURVE('',#512,#530,#412,.T.);
#649=EDGE_CURVE('',#530,#529,#57,.T.);
#650=EDGE_CURVE('',#511,#531,#413,.T.);
#651=EDGE_CURVE('',#531,#530,#414,.T.);
#652=EDGE_CURVE('',#524,#531,#58,.T.);
#653=EDGE_CURVE('',#532,#530,#59,.T.);
#654=EDGE_CURVE('',#533,#532,#60,.T.);
#655=EDGE_CURVE('',#529,#533,#61,.T.);
#656=EDGE_CURVE('',#531,#534,#62,.T.);
#657=EDGE_CURVE('',#532,#534,#415,.T.);
#658=EDGE_CURVE('',#535,#524,#63,.T.);
#659=EDGE_CURVE('',#534,#535,#64,.T.);
#660=EDGE_CURVE('',#525,#536,#65,.T.);
#661=EDGE_CURVE('',#535,#536,#416,.T.);
#662=EDGE_CURVE('',#537,#518,#417,.T.);
#663=EDGE_CURVE('',#519,#538,#418,.T.);
#664=EDGE_CURVE('',#538,#537,#419,.T.);
#665=EDGE_CURVE('',#523,#539,#420,.T.);
#666=EDGE_CURVE('',#539,#538,#421,.T.);
#667=EDGE_CURVE('',#522,#540,#422,.T.);
#668=EDGE_CURVE('',#540,#539,#423,.T.);
#669=EDGE_CURVE('',#521,#541,#424,.T.);
#670=EDGE_CURVE('',#541,#540,#66,.T.);
#671=EDGE_CURVE('',#520,#542,#425,.T.);
#672=EDGE_CURVE('',#542,#541,#426,.T.);
#673=EDGE_CURVE('',#537,#542,#67,.T.);
#674=EDGE_CURVE('',#542,#543,#68,.T.);
#675=EDGE_CURVE('',#544,#543,#427,.T.);
#676=EDGE_CURVE('',#544,#541,#69,.T.);
#677=EDGE_CURVE('',#545,#537,#70,.T.);
#678=EDGE_CURVE('',#543,#545,#71,.T.);
#679=EDGE_CURVE('',#538,#546,#72,.T.);
#680=EDGE_CURVE('',#545,#546,#428,.T.);
#681=EDGE_CURVE('',#547,#548,#429,.T.);
#682=EDGE_CURVE('',#548,#517,#430,.T.);
#683=EDGE_CURVE('',#548,#547,#431,.T.);
#684=EDGE_CURVE('',#549,#550,#432,.T.);
#685=EDGE_CURVE('',#549,#547,#73,.T.);
#686=EDGE_CURVE('',#550,#549,#433,.T.);
#687=EDGE_CURVE('',#506,#551,#434,.T.);
#688=EDGE_CURVE('',#551,#552,#74,.T.);
#689=EDGE_CURVE('',#552,#505,#435,.T.);
#690=EDGE_CURVE('',#553,#551,#436,.T.);
#691=EDGE_CURVE('',#508,#553,#17,.T.);
#692=EDGE_CURVE('',#507,#554,#437,.T.);
#693=EDGE_CURVE('',#554,#553,#438,.T.);
#694=EDGE_CURVE('',#505,#555,#439,.T.);
#695=EDGE_CURVE('',#555,#554,#75,.T.);
#696=EDGE_CURVE('',#552,#555,#440,.T.);
#697=EDGE_CURVE('',#556,#555,#76,.T.);
#698=EDGE_CURVE('',#557,#556,#77,.T.);
#699=EDGE_CURVE('',#554,#557,#78,.T.);
#700=EDGE_CURVE('',#552,#558,#79,.T.);
#701=EDGE_CURVE('',#556,#558,#441,.T.);
#702=EDGE_CURVE('',#551,#559,#80,.T.);
#703=EDGE_CURVE('',#558,#559,#81,.T.);
#704=EDGE_CURVE('',#560,#560,#442,.T.);
#705=EDGE_CURVE('',#560,#550,#443,.T.);
#706=EDGE_CURVE('',#561,#562,#82,.T.);
#707=EDGE_CURVE('',#563,#561,#83,.T.);
#708=EDGE_CURVE('',#564,#563,#444,.T.);
#709=EDGE_CURVE('',#562,#564,#445,.T.);
#710=EDGE_CURVE('',#565,#566,#446,.T.);
#711=EDGE_CURVE('',#567,#565,#447,.T.);
#712=EDGE_CURVE('',#568,#567,#84,.T.);
#713=EDGE_CURVE('',#569,#568,#448,.T.);
#714=EDGE_CURVE('',#570,#569,#85,.T.);
#715=EDGE_CURVE('',#566,#570,#449,.T.);
#716=EDGE_CURVE('',#571,#572,#86,.T.);
#717=EDGE_CURVE('',#573,#571,#450,.T.);
#718=EDGE_CURVE('',#574,#573,#87,.T.);
#719=EDGE_CURVE('',#575,#574,#451,.T.);
#720=EDGE_CURVE('',#576,#575,#452,.T.);
#721=EDGE_CURVE('',#572,#576,#453,.T.);
#722=EDGE_CURVE('',#577,#578,#88,.T.);
#723=EDGE_CURVE('',#579,#577,#454,.T.);
#724=EDGE_CURVE('',#580,#579,#89,.T.);
#725=EDGE_CURVE('',#581,#580,#455,.T.);
#726=EDGE_CURVE('',#582,#581,#90,.T.);
#727=EDGE_CURVE('',#583,#582,#456,.T.);
#728=EDGE_CURVE('',#584,#583,#91,.T.);
#729=EDGE_CURVE('',#578,#584,#457,.T.);
#730=EDGE_CURVE('',#566,#546,#458,.T.);
#731=EDGE_CURVE('',#546,#585,#459,.T.);
#732=EDGE_CURVE('',#585,#565,#460,.T.);
#733=EDGE_CURVE('',#586,#567,#461,.T.);
#734=EDGE_CURVE('',#585,#586,#462,.T.);
#735=EDGE_CURVE('',#544,#568,#463,.T.);
#736=EDGE_CURVE('',#586,#544,#92,.T.);
#737=EDGE_CURVE('',#543,#569,#464,.T.);
#738=EDGE_CURVE('',#545,#570,#465,.T.);
#739=EDGE_CURVE('',#540,#586,#93,.T.);
#740=EDGE_CURVE('',#585,#539,#94,.T.);
#741=EDGE_CURVE('',#578,#536,#466,.T.);
#742=EDGE_CURVE('',#536,#587,#95,.T.);
#743=EDGE_CURVE('',#587,#577,#467,.T.);
#744=EDGE_CURVE('',#588,#579,#468,.T.);
#745=EDGE_CURVE('',#587,#588,#469,.T.);
#746=EDGE_CURVE('',#589,#580,#470,.T.);
#747=EDGE_CURVE('',#588,#589,#96,.T.);
#748=EDGE_CURVE('',#533,#581,#471,.T.);
#749=EDGE_CURVE('',#589,#533,#472,.T.);
#750=EDGE_CURVE('',#532,#582,#473,.T.);
#751=EDGE_CURVE('',#534,#583,#474,.T.);
#752=EDGE_CURVE('',#535,#584,#475,.T.);
#753=EDGE_CURVE('',#589,#528,#97,.T.);
#754=EDGE_CURVE('',#527,#588,#98,.T.);
#755=EDGE_CURVE('',#587,#526,#99,.T.);
#756=EDGE_CURVE('',#572,#504,#476,.T.);
#757=EDGE_CURVE('',#504,#590,#100,.T.);
#758=EDGE_CURVE('',#590,#571,#477,.T.);
#759=EDGE_CURVE('',#591,#573,#478,.T.);
#760=EDGE_CURVE('',#590,#591,#479,.T.);
#761=EDGE_CURVE('',#502,#574,#480,.T.);
#762=EDGE_CURVE('',#591,#502,#101,.T.);
#763=EDGE_CURVE('',#501,#575,#481,.T.);
#764=EDGE_CURVE('',#503,#576,#482,.T.);
#765=EDGE_CURVE('',#496,#591,#102,.T.);
#766=EDGE_CURVE('',#590,#494,#103,.T.);
#767=EDGE_CURVE('',#562,#557,#483,.T.);
#768=EDGE_CURVE('',#556,#561,#484,.T.);
#769=EDGE_CURVE('',#592,#557,#485,.T.);
#770=EDGE_CURVE('',#564,#592,#18,.T.);
#771=EDGE_CURVE('',#563,#559,#486,.T.);
#772=EDGE_CURVE('',#559,#592,#487,.T.);
#773=EDGE_CURVE('',#561,#558,#488,.T.);
#774=EDGE_CURVE('',#553,#592,#104,.T.);
#775=ORIENTED_EDGE('',*,*,#593,.T.);
#776=ORIENTED_EDGE('',*,*,#594,.T.);
#777=ORIENTED_EDGE('',*,*,#595,.T.);
#778=ORIENTED_EDGE('',*,*,#596,.T.);
#779=ORIENTED_EDGE('',*,*,#597,.T.);
#780=ORIENTED_EDGE('',*,*,#598,.T.);
#781=ORIENTED_EDGE('',*,*,#595,.F.);
#782=ORIENTED_EDGE('',*,*,#599,.T.);
#783=ORIENTED_EDGE('',*,*,#600,.T.);
#784=ORIENTED_EDGE('',*,*,#601,.T.);
#785=ORIENTED_EDGE('',*,*,#597,.F.);
#786=ORIENTED_EDGE('',*,*,#602,.T.);
#787=ORIENTED_EDGE('',*,*,#603,.T.);
#788=ORIENTED_EDGE('',*,*,#604,.T.);
#789=ORIENTED_EDGE('',*,*,#600,.F.);
#790=ORIENTED_EDGE('',*,*,#605,.T.);
#791=ORIENTED_EDGE('',*,*,#606,.T.);
#792=ORIENTED_EDGE('',*,*,#607,.T.);
#793=ORIENTED_EDGE('',*,*,#603,.F.);
#794=ORIENTED_EDGE('',*,*,#608,.T.);
#795=ORIENTED_EDGE('',*,*,#593,.F.);
#796=ORIENTED_EDGE('',*,*,#609,.T.);
#797=ORIENTED_EDGE('',*,*,#606,.F.);
#798=ORIENTED_EDGE('',*,*,#610,.T.);
#799=ORIENTED_EDGE('',*,*,#607,.F.);
#800=ORIENTED_EDGE('',*,*,#611,.T.);
#801=ORIENTED_EDGE('',*,*,#612,.F.);
#802=ORIENTED_EDGE('',*,*,#613,.T.);
#803=ORIENTED_EDGE('',*,*,#609,.F.);
#804=ORIENTED_EDGE('',*,*,#614,.F.);
#805=ORIENTED_EDGE('',*,*,#615,.F.);
#806=ORIENTED_EDGE('',*,*,#611,.F.);
#807=ORIENTED_EDGE('',*,*,#596,.F.);
#808=ORIENTED_EDGE('',*,*,#616,.T.);
#809=ORIENTED_EDGE('',*,*,#617,.F.);
#810=ORIENTED_EDGE('',*,*,#614,.T.);
#811=ORIENTED_EDGE('',*,*,#618,.F.);
#812=ORIENTED_EDGE('',*,*,#619,.F.);
#813=ORIENTED_EDGE('',*,*,#620,.F.);
#814=ORIENTED_EDGE('',*,*,#621,.F.);
#815=ORIENTED_EDGE('',*,*,#622,.F.);
#816=ORIENTED_EDGE('',*,*,#623,.F.);
#817=ORIENTED_EDGE('',*,*,#624,.F.);
#818=ORIENTED_EDGE('',*,*,#625,.F.);
#819=ORIENTED_EDGE('',*,*,#626,.F.);
#820=ORIENTED_EDGE('',*,*,#627,.F.);
#821=ORIENTED_EDGE('',*,*,#628,.F.);
#822=ORIENTED_EDGE('',*,*,#629,.F.);
#823=ORIENTED_EDGE('',*,*,#630,.F.);
#824=ORIENTED_EDGE('',*,*,#631,.F.);
#825=ORIENTED_EDGE('',*,*,#632,.F.);
#826=ORIENTED_EDGE('',*,*,#633,.F.);
#827=ORIENTED_EDGE('',*,*,#634,.F.);
#828=ORIENTED_EDGE('',*,*,#635,.F.);
#829=ORIENTED_EDGE('',*,*,#636,.F.);
#830=ORIENTED_EDGE('',*,*,#594,.F.);
#831=ORIENTED_EDGE('',*,*,#610,.F.);
#832=ORIENTED_EDGE('',*,*,#608,.F.);
#833=ORIENTED_EDGE('',*,*,#605,.F.);
#834=ORIENTED_EDGE('',*,*,#602,.F.);
#835=ORIENTED_EDGE('',*,*,#599,.F.);
#836=ORIENTED_EDGE('',*,*,#637,.T.);
#837=ORIENTED_EDGE('',*,*,#622,.T.);
#838=ORIENTED_EDGE('',*,*,#638,.T.);
#839=ORIENTED_EDGE('',*,*,#639,.T.);
#840=ORIENTED_EDGE('',*,*,#640,.T.);
#841=ORIENTED_EDGE('',*,*,#641,.T.);
#842=ORIENTED_EDGE('',*,*,#638,.F.);
#843=ORIENTED_EDGE('',*,*,#629,.T.);
#844=ORIENTED_EDGE('',*,*,#642,.T.);
#845=ORIENTED_EDGE('',*,*,#643,.T.);
#846=ORIENTED_EDGE('',*,*,#640,.F.);
#847=ORIENTED_EDGE('',*,*,#628,.T.);
#848=ORIENTED_EDGE('',*,*,#644,.T.);
#849=ORIENTED_EDGE('',*,*,#645,.T.);
#850=ORIENTED_EDGE('',*,*,#642,.F.);
#851=ORIENTED_EDGE('',*,*,#627,.T.);
#852=ORIENTED_EDGE('',*,*,#646,.T.);
#853=ORIENTED_EDGE('',*,*,#647,.T.);
#854=ORIENTED_EDGE('',*,*,#644,.F.);
#855=ORIENTED_EDGE('',*,*,#626,.T.);
#856=ORIENTED_EDGE('',*,*,#648,.T.);
#857=ORIENTED_EDGE('',*,*,#649,.T.);
#858=ORIENTED_EDGE('',*,*,#646,.F.);
#859=ORIENTED_EDGE('',*,*,#625,.T.);
#860=ORIENTED_EDGE('',*,*,#650,.T.);
#861=ORIENTED_EDGE('',*,*,#651,.T.);
#862=ORIENTED_EDGE('',*,*,#648,.F.);
#863=ORIENTED_EDGE('',*,*,#624,.T.);
#864=ORIENTED_EDGE('',*,*,#637,.F.);
#865=ORIENTED_EDGE('',*,*,#652,.T.);
#866=ORIENTED_EDGE('',*,*,#650,.F.);
#867=ORIENTED_EDGE('',*,*,#623,.T.);
#868=ORIENTED_EDGE('',*,*,#649,.F.);
#869=ORIENTED_EDGE('',*,*,#653,.F.);
#870=ORIENTED_EDGE('',*,*,#654,.F.);
#871=ORIENTED_EDGE('',*,*,#655,.F.);
#872=ORIENTED_EDGE('',*,*,#651,.F.);
#873=ORIENTED_EDGE('',*,*,#656,.T.);
#874=ORIENTED_EDGE('',*,*,#657,.F.);
#875=ORIENTED_EDGE('',*,*,#653,.T.);
#876=ORIENTED_EDGE('',*,*,#652,.F.);
#877=ORIENTED_EDGE('',*,*,#658,.F.);
#878=ORIENTED_EDGE('',*,*,#659,.F.);
#879=ORIENTED_EDGE('',*,*,#656,.F.);
#880=ORIENTED_EDGE('',*,*,#639,.F.);
#881=ORIENTED_EDGE('',*,*,#660,.T.);
#882=ORIENTED_EDGE('',*,*,#661,.F.);
#883=ORIENTED_EDGE('',*,*,#658,.T.);
#884=ORIENTED_EDGE('',*,*,#662,.T.);
#885=ORIENTED_EDGE('',*,*,#631,.T.);
#886=ORIENTED_EDGE('',*,*,#663,.T.);
#887=ORIENTED_EDGE('',*,*,#664,.T.);
#888=ORIENTED_EDGE('',*,*,#665,.T.);
#889=ORIENTED_EDGE('',*,*,#666,.T.);
#890=ORIENTED_EDGE('',*,*,#663,.F.);
#891=ORIENTED_EDGE('',*,*,#636,.T.);
#892=ORIENTED_EDGE('',*,*,#667,.T.);
#893=ORIENTED_EDGE('',*,*,#668,.T.);
#894=ORIENTED_EDGE('',*,*,#665,.F.);
#895=ORIENTED_EDGE('',*,*,#635,.T.);
#896=ORIENTED_EDGE('',*,*,#669,.T.);
#897=ORIENTED_EDGE('',*,*,#670,.T.);
#898=ORIENTED_EDGE('',*,*,#667,.F.);
#899=ORIENTED_EDGE('',*,*,#634,.T.);
#900=ORIENTED_EDGE('',*,*,#671,.T.);
#901=ORIENTED_EDGE('',*,*,#672,.T.);
#902=ORIENTED_EDGE('',*,*,#669,.F.);
#903=ORIENTED_EDGE('',*,*,#633,.T.);
#904=ORIENTED_EDGE('',*,*,#662,.F.);
#905=ORIENTED_EDGE('',*,*,#673,.T.);
#906=ORIENTED_EDGE('',*,*,#671,.F.);
#907=ORIENTED_EDGE('',*,*,#632,.T.);
#908=ORIENTED_EDGE('',*,*,#672,.F.);
#909=ORIENTED_EDGE('',*,*,#674,.T.);
#910=ORIENTED_EDGE('',*,*,#675,.F.);
#911=ORIENTED_EDGE('',*,*,#676,.T.);
#912=ORIENTED_EDGE('',*,*,#673,.F.);
#913=ORIENTED_EDGE('',*,*,#677,.F.);
#914=ORIENTED_EDGE('',*,*,#678,.F.);
#915=ORIENTED_EDGE('',*,*,#674,.F.);
#916=ORIENTED_EDGE('',*,*,#664,.F.);
#917=ORIENTED_EDGE('',*,*,#679,.T.);
#918=ORIENTED_EDGE('',*,*,#680,.F.);
#919=ORIENTED_EDGE('',*,*,#677,.T.);
#920=ORIENTED_EDGE('',*,*,#681,.T.);
#921=ORIENTED_EDGE('',*,*,#682,.T.);
#922=ORIENTED_EDGE('',*,*,#630,.T.);
#923=ORIENTED_EDGE('',*,*,#682,.F.);
#924=ORIENTED_EDGE('',*,*,#683,.T.);
#925=ORIENTED_EDGE('',*,*,#684,.F.);
#926=ORIENTED_EDGE('',*,*,#685,.T.);
#927=ORIENTED_EDGE('',*,*,#683,.F.);
#928=ORIENTED_EDGE('',*,*,#681,.F.);
#929=ORIENTED_EDGE('',*,*,#685,.F.);
#930=ORIENTED_EDGE('',*,*,#686,.F.);
#931=ORIENTED_EDGE('',*,*,#687,.T.);
#932=ORIENTED_EDGE('',*,*,#688,.T.);
#933=ORIENTED_EDGE('',*,*,#689,.T.);
#934=ORIENTED_EDGE('',*,*,#618,.T.);
#935=ORIENTED_EDGE('',*,*,#690,.T.);
#936=ORIENTED_EDGE('',*,*,#687,.F.);
#937=ORIENTED_EDGE('',*,*,#621,.T.);
#938=ORIENTED_EDGE('',*,*,#691,.T.);
#939=ORIENTED_EDGE('',*,*,#620,.T.);
#940=ORIENTED_EDGE('',*,*,#692,.T.);
#941=ORIENTED_EDGE('',*,*,#693,.T.);
#942=ORIENTED_EDGE('',*,*,#691,.F.);
#943=ORIENTED_EDGE('',*,*,#694,.T.);
#944=ORIENTED_EDGE('',*,*,#695,.T.);
#945=ORIENTED_EDGE('',*,*,#692,.F.);
#946=ORIENTED_EDGE('',*,*,#619,.T.);
#947=ORIENTED_EDGE('',*,*,#689,.F.);
#948=ORIENTED_EDGE('',*,*,#696,.T.);
#949=ORIENTED_EDGE('',*,*,#694,.F.);
#950=ORIENTED_EDGE('',*,*,#695,.F.);
#951=ORIENTED_EDGE('',*,*,#697,.F.);
#952=ORIENTED_EDGE('',*,*,#698,.F.);
#953=ORIENTED_EDGE('',*,*,#699,.F.);
#954=ORIENTED_EDGE('',*,*,#696,.F.);
#955=ORIENTED_EDGE('',*,*,#700,.T.);
#956=ORIENTED_EDGE('',*,*,#701,.F.);
#957=ORIENTED_EDGE('',*,*,#697,.T.);
#958=ORIENTED_EDGE('',*,*,#688,.F.);
#959=ORIENTED_EDGE('',*,*,#702,.T.);
#960=ORIENTED_EDGE('',*,*,#703,.F.);
#961=ORIENTED_EDGE('',*,*,#700,.F.);
#962=ORIENTED_EDGE('',*,*,#704,.T.);
#963=ORIENTED_EDGE('',*,*,#705,.T.);
#964=ORIENTED_EDGE('',*,*,#686,.T.);
#965=ORIENTED_EDGE('',*,*,#684,.T.);
#966=ORIENTED_EDGE('',*,*,#705,.F.);
#967=ORIENTED_EDGE('',*,*,#706,.F.);
#968=ORIENTED_EDGE('',*,*,#707,.F.);
#969=ORIENTED_EDGE('',*,*,#708,.F.);
#970=ORIENTED_EDGE('',*,*,#709,.F.);
#971=ORIENTED_EDGE('',*,*,#710,.F.);
#972=ORIENTED_EDGE('',*,*,#711,.F.);
#973=ORIENTED_EDGE('',*,*,#712,.F.);
#974=ORIENTED_EDGE('',*,*,#713,.F.);
#975=ORIENTED_EDGE('',*,*,#714,.F.);
#976=ORIENTED_EDGE('',*,*,#715,.F.);
#977=ORIENTED_EDGE('',*,*,#716,.F.);
#978=ORIENTED_EDGE('',*,*,#717,.F.);
#979=ORIENTED_EDGE('',*,*,#718,.F.);
#980=ORIENTED_EDGE('',*,*,#719,.F.);
#981=ORIENTED_EDGE('',*,*,#720,.F.);
#982=ORIENTED_EDGE('',*,*,#721,.F.);
#983=ORIENTED_EDGE('',*,*,#722,.F.);
#984=ORIENTED_EDGE('',*,*,#723,.F.);
#985=ORIENTED_EDGE('',*,*,#724,.F.);
#986=ORIENTED_EDGE('',*,*,#725,.F.);
#987=ORIENTED_EDGE('',*,*,#726,.F.);
#988=ORIENTED_EDGE('',*,*,#727,.F.);
#989=ORIENTED_EDGE('',*,*,#728,.F.);
#990=ORIENTED_EDGE('',*,*,#729,.F.);
#991=ORIENTED_EDGE('',*,*,#704,.F.);
#992=ORIENTED_EDGE('',*,*,#730,.T.);
#993=ORIENTED_EDGE('',*,*,#731,.T.);
#994=ORIENTED_EDGE('',*,*,#732,.T.);
#995=ORIENTED_EDGE('',*,*,#710,.T.);
#996=ORIENTED_EDGE('',*,*,#733,.T.);
#997=ORIENTED_EDGE('',*,*,#711,.T.);
#998=ORIENTED_EDGE('',*,*,#732,.F.);
#999=ORIENTED_EDGE('',*,*,#734,.T.);
#1000=ORIENTED_EDGE('',*,*,#735,.T.);
#1001=ORIENTED_EDGE('',*,*,#712,.T.);
#1002=ORIENTED_EDGE('',*,*,#733,.F.);
#1003=ORIENTED_EDGE('',*,*,#736,.T.);
#1004=ORIENTED_EDGE('',*,*,#737,.T.);
#1005=ORIENTED_EDGE('',*,*,#713,.T.);
#1006=ORIENTED_EDGE('',*,*,#735,.F.);
#1007=ORIENTED_EDGE('',*,*,#675,.T.);
#1008=ORIENTED_EDGE('',*,*,#738,.T.);
#1009=ORIENTED_EDGE('',*,*,#714,.T.);
#1010=ORIENTED_EDGE('',*,*,#737,.F.);
#1011=ORIENTED_EDGE('',*,*,#678,.T.);
#1012=ORIENTED_EDGE('',*,*,#738,.F.);
#1013=ORIENTED_EDGE('',*,*,#680,.T.);
#1014=ORIENTED_EDGE('',*,*,#730,.F.);
#1015=ORIENTED_EDGE('',*,*,#715,.T.);
#1016=ORIENTED_EDGE('',*,*,#670,.F.);
#1017=ORIENTED_EDGE('',*,*,#676,.F.);
#1018=ORIENTED_EDGE('',*,*,#736,.F.);
#1019=ORIENTED_EDGE('',*,*,#739,.F.);
#1020=ORIENTED_EDGE('',*,*,#668,.F.);
#1021=ORIENTED_EDGE('',*,*,#739,.T.);
#1022=ORIENTED_EDGE('',*,*,#734,.F.);
#1023=ORIENTED_EDGE('',*,*,#740,.T.);
#1024=ORIENTED_EDGE('',*,*,#666,.F.);
#1025=ORIENTED_EDGE('',*,*,#740,.F.);
#1026=ORIENTED_EDGE('',*,*,#731,.F.);
#1027=ORIENTED_EDGE('',*,*,#679,.F.);
#1028=ORIENTED_EDGE('',*,*,#741,.T.);
#1029=ORIENTED_EDGE('',*,*,#742,.T.);
#1030=ORIENTED_EDGE('',*,*,#743,.T.);
#1031=ORIENTED_EDGE('',*,*,#722,.T.);
#1032=ORIENTED_EDGE('',*,*,#744,.T.);
#1033=ORIENTED_EDGE('',*,*,#723,.T.);
#1034=ORIENTED_EDGE('',*,*,#743,.F.);
#1035=ORIENTED_EDGE('',*,*,#745,.T.);
#1036=ORIENTED_EDGE('',*,*,#746,.T.);
#1037=ORIENTED_EDGE('',*,*,#724,.T.);
#1038=ORIENTED_EDGE('',*,*,#744,.F.);
#1039=ORIENTED_EDGE('',*,*,#747,.T.);
#1040=ORIENTED_EDGE('',*,*,#748,.T.);
#1041=ORIENTED_EDGE('',*,*,#725,.T.);
#1042=ORIENTED_EDGE('',*,*,#746,.F.);
#1043=ORIENTED_EDGE('',*,*,#749,.T.);
#1044=ORIENTED_EDGE('',*,*,#750,.T.);
#1045=ORIENTED_EDGE('',*,*,#726,.T.);
#1046=ORIENTED_EDGE('',*,*,#748,.F.);
#1047=ORIENTED_EDGE('',*,*,#654,.T.);
#1048=ORIENTED_EDGE('',*,*,#751,.T.);
#1049=ORIENTED_EDGE('',*,*,#727,.T.);
#1050=ORIENTED_EDGE('',*,*,#750,.F.);
#1051=ORIENTED_EDGE('',*,*,#657,.T.);
#1052=ORIENTED_EDGE('',*,*,#752,.T.);
#1053=ORIENTED_EDGE('',*,*,#728,.T.);
#1054=ORIENTED_EDGE('',*,*,#751,.F.);
#1055=ORIENTED_EDGE('',*,*,#659,.T.);
#1056=ORIENTED_EDGE('',*,*,#752,.F.);
#1057=ORIENTED_EDGE('',*,*,#661,.T.);
#1058=ORIENTED_EDGE('',*,*,#741,.F.);
#1059=ORIENTED_EDGE('',*,*,#729,.T.);
#1060=ORIENTED_EDGE('',*,*,#647,.F.);
#1061=ORIENTED_EDGE('',*,*,#655,.T.);
#1062=ORIENTED_EDGE('',*,*,#749,.F.);
#1063=ORIENTED_EDGE('',*,*,#753,.T.);
#1064=ORIENTED_EDGE('',*,*,#645,.F.);
#1065=ORIENTED_EDGE('',*,*,#753,.F.);
#1066=ORIENTED_EDGE('',*,*,#747,.F.);
#1067=ORIENTED_EDGE('',*,*,#754,.F.);
#1068=ORIENTED_EDGE('',*,*,#643,.F.);
#1069=ORIENTED_EDGE('',*,*,#754,.T.);
#1070=ORIENTED_EDGE('',*,*,#745,.F.);
#1071=ORIENTED_EDGE('',*,*,#755,.T.);
#1072=ORIENTED_EDGE('',*,*,#641,.F.);
#1073=ORIENTED_EDGE('',*,*,#755,.F.);
#1074=ORIENTED_EDGE('',*,*,#742,.F.);
#1075=ORIENTED_EDGE('',*,*,#660,.F.);
#1076=ORIENTED_EDGE('',*,*,#756,.T.);
#1077=ORIENTED_EDGE('',*,*,#757,.T.);
#1078=ORIENTED_EDGE('',*,*,#758,.T.);
#1079=ORIENTED_EDGE('',*,*,#716,.T.);
#1080=ORIENTED_EDGE('',*,*,#759,.T.);
#1081=ORIENTED_EDGE('',*,*,#717,.T.);
#1082=ORIENTED_EDGE('',*,*,#758,.F.);
#1083=ORIENTED_EDGE('',*,*,#760,.T.);
#1084=ORIENTED_EDGE('',*,*,#761,.T.);
#1085=ORIENTED_EDGE('',*,*,#718,.T.);
#1086=ORIENTED_EDGE('',*,*,#759,.F.);
#1087=ORIENTED_EDGE('',*,*,#762,.T.);
#1088=ORIENTED_EDGE('',*,*,#763,.T.);
#1089=ORIENTED_EDGE('',*,*,#719,.T.);
#1090=ORIENTED_EDGE('',*,*,#761,.F.);
#1091=ORIENTED_EDGE('',*,*,#612,.T.);
#1092=ORIENTED_EDGE('',*,*,#764,.T.);
#1093=ORIENTED_EDGE('',*,*,#720,.T.);
#1094=ORIENTED_EDGE('',*,*,#763,.F.);
#1095=ORIENTED_EDGE('',*,*,#615,.T.);
#1096=ORIENTED_EDGE('',*,*,#764,.F.);
#1097=ORIENTED_EDGE('',*,*,#617,.T.);
#1098=ORIENTED_EDGE('',*,*,#756,.F.);
#1099=ORIENTED_EDGE('',*,*,#721,.T.);
#1100=ORIENTED_EDGE('',*,*,#604,.F.);
#1101=ORIENTED_EDGE('',*,*,#613,.F.);
#1102=ORIENTED_EDGE('',*,*,#762,.F.);
#1103=ORIENTED_EDGE('',*,*,#765,.F.);
#1104=ORIENTED_EDGE('',*,*,#601,.F.);
#1105=ORIENTED_EDGE('',*,*,#765,.T.);
#1106=ORIENTED_EDGE('',*,*,#760,.F.);
#1107=ORIENTED_EDGE('',*,*,#766,.T.);
#1108=ORIENTED_EDGE('',*,*,#598,.F.);
#1109=ORIENTED_EDGE('',*,*,#766,.F.);
#1110=ORIENTED_EDGE('',*,*,#757,.F.);
#1111=ORIENTED_EDGE('',*,*,#616,.F.);
#1112=ORIENTED_EDGE('',*,*,#767,.T.);
#1113=ORIENTED_EDGE('',*,*,#698,.T.);
#1114=ORIENTED_EDGE('',*,*,#768,.T.);
#1115=ORIENTED_EDGE('',*,*,#706,.T.);
#1116=ORIENTED_EDGE('',*,*,#769,.T.);
#1117=ORIENTED_EDGE('',*,*,#767,.F.);
#1118=ORIENTED_EDGE('',*,*,#709,.T.);
#1119=ORIENTED_EDGE('',*,*,#770,.T.);
#1120=ORIENTED_EDGE('',*,*,#708,.T.);
#1121=ORIENTED_EDGE('',*,*,#771,.T.);
#1122=ORIENTED_EDGE('',*,*,#772,.T.);
#1123=ORIENTED_EDGE('',*,*,#770,.F.);
#1124=ORIENTED_EDGE('',*,*,#773,.T.);
#1125=ORIENTED_EDGE('',*,*,#703,.T.);
#1126=ORIENTED_EDGE('',*,*,#771,.F.);
#1127=ORIENTED_EDGE('',*,*,#707,.T.);
#1128=ORIENTED_EDGE('',*,*,#768,.F.);
#1129=ORIENTED_EDGE('',*,*,#701,.T.);
#1130=ORIENTED_EDGE('',*,*,#773,.F.);
#1131=ORIENTED_EDGE('',*,*,#693,.F.);
#1132=ORIENTED_EDGE('',*,*,#699,.T.);
#1133=ORIENTED_EDGE('',*,*,#769,.F.);
#1134=ORIENTED_EDGE('',*,*,#774,.F.);
#1135=ORIENTED_EDGE('',*,*,#690,.F.);
#1136=ORIENTED_EDGE('',*,*,#774,.T.);
#1137=ORIENTED_EDGE('',*,*,#772,.F.);
#1138=ORIENTED_EDGE('',*,*,#702,.F.);
#1139=TOROIDAL_SURFACE('',#1263,2.,1.);
#1140=TOROIDAL_SURFACE('',#1270,2.,1.);
#1141=TOROIDAL_SURFACE('',#1276,2.,1.);
#1142=TOROIDAL_SURFACE('',#1280,9.51270921999908,1.);
#1143=TOROIDAL_SURFACE('',#1301,3.,1.);
#1144=TOROIDAL_SURFACE('',#1307,3.,1.);
#1145=TOROIDAL_SURFACE('',#1312,3.,1.);
#1146=TOROIDAL_SURFACE('',#1317,3.,1.);
#1147=TOROIDAL_SURFACE('',#1327,2.,1.);
#1148=TOROIDAL_SURFACE('',#1331,9.51270921999644,1.);
#1149=TOROIDAL_SURFACE('',#1334,2.,1.);
#1150=TOROIDAL_SURFACE('',#1339,2.,1.);
#1151=TOROIDAL_SURFACE('',#1348,4.,1.);
#1152=TOROIDAL_SURFACE('',#1358,10.2132034355964,1.);
#1153=TOROIDAL_SURFACE('',#1360,10.2132034355964,1.);
#1154=TOROIDAL_SURFACE('',#1371,4.,1.);
#1155=TOROIDAL_SURFACE('',#1389,9.51270921999644,1.);
#1156=TOROIDAL_SURFACE('',#1393,2.,1.);
#1157=TOROIDAL_SURFACE('',#1398,2.,1.);
#1158=TOROIDAL_SURFACE('',#1402,2.,1.);
#1159=TOROIDAL_SURFACE('',#1409,3.,1.);
#1160=TOROIDAL_SURFACE('',#1414,3.,1.);
#1161=TOROIDAL_SURFACE('',#1419,3.,1.);
#1162=TOROIDAL_SURFACE('',#1423,3.,1.);
#1163=TOROIDAL_SURFACE('',#1431,2.,1.);
#1164=TOROIDAL_SURFACE('',#1436,2.,1.);
#1165=TOROIDAL_SURFACE('',#1438,9.51270921999908,1.);
#1166=TOROIDAL_SURFACE('',#1440,2.,1.);
#1167=TOROIDAL_SURFACE('',#1447,10.2132034355964,1.);
#1168=TOROIDAL_SURFACE('',#1449,10.2132034355964,1.);
#1169=ADVANCED_FACE('',(#207),#1139,.T.);
#1170=ADVANCED_FACE('',(#208),#171,.T.);
#1171=ADVANCED_FACE('',(#209),#1140,.T.);
#1172=ADVANCED_FACE('',(#210),#172,.T.);
#1173=ADVANCED_FACE('',(#211),#1141,.T.);
#1174=ADVANCED_FACE('',(#212),#1142,.T.);
#1175=ADVANCED_FACE('',(#213),#173,.F.);
#1176=ADVANCED_FACE('',(#214),#174,.F.);
#1177=ADVANCED_FACE('',(#215),#175,.F.);
#1178=ADVANCED_FACE('',(#216,#19,#20,#21,#22),#27,.F.);
#1179=ADVANCED_FACE('',(#217),#1143,.T.);
#1180=ADVANCED_FACE('',(#218),#176,.T.);
#1181=ADVANCED_FACE('',(#219),#1144,.T.);
#1182=ADVANCED_FACE('',(#220),#177,.T.);
#1183=ADVANCED_FACE('',(#221),#1145,.T.);
#1184=ADVANCED_FACE('',(#222),#178,.T.);
#1185=ADVANCED_FACE('',(#223),#1146,.T.);
#1186=ADVANCED_FACE('',(#224),#179,.T.);
#1187=ADVANCED_FACE('',(#225),#28,.T.);
#1188=ADVANCED_FACE('',(#226),#180,.F.);
#1189=ADVANCED_FACE('',(#227),#29,.T.);
#1190=ADVANCED_FACE('',(#228),#181,.F.);
#1191=ADVANCED_FACE('',(#229),#1147,.T.);
#1192=ADVANCED_FACE('',(#230),#1148,.T.);
#1193=ADVANCED_FACE('',(#231),#1149,.T.);
#1194=ADVANCED_FACE('',(#232),#182,.T.);
#1195=ADVANCED_FACE('',(#233),#1150,.T.);
#1196=ADVANCED_FACE('',(#234),#183,.T.);
#1197=ADVANCED_FACE('',(#235),#184,.F.);
#1198=ADVANCED_FACE('',(#236),#30,.T.);
#1199=ADVANCED_FACE('',(#237),#185,.F.);
#1200=ADVANCED_FACE('',(#238),#1151,.T.);
#1201=ADVANCED_FACE('',(#239),#186,.F.);
#1202=ADVANCED_FACE('',(#240),#187,.T.);
#1203=ADVANCED_FACE('',(#241),#1152,.T.);
#1204=ADVANCED_FACE('',(#242),#1153,.T.);
#1205=ADVANCED_FACE('',(#243),#188,.T.);
#1206=ADVANCED_FACE('',(#244),#15,.T.);
#1207=ADVANCED_FACE('',(#245),#31,.T.);
#1208=ADVANCED_FACE('',(#246),#189,.T.);
#1209=ADVANCED_FACE('',(#247),#32,.T.);
#1210=ADVANCED_FACE('',(#248),#1154,.T.);
#1211=ADVANCED_FACE('',(#249,#23,#24,#25,#26),#33,.T.);
#1212=ADVANCED_FACE('',(#250),#1155,.T.);
#1213=ADVANCED_FACE('',(#251),#1156,.T.);
#1214=ADVANCED_FACE('',(#252),#190,.T.);
#1215=ADVANCED_FACE('',(#253),#1157,.T.);
#1216=ADVANCED_FACE('',(#254),#191,.T.);
#1217=ADVANCED_FACE('',(#255),#1158,.T.);
#1218=ADVANCED_FACE('',(#256),#34,.T.);
#1219=ADVANCED_FACE('',(#257),#192,.F.);
#1220=ADVANCED_FACE('',(#258),#193,.F.);
#1221=ADVANCED_FACE('',(#259),#194,.T.);
#1222=ADVANCED_FACE('',(#260),#1159,.T.);
#1223=ADVANCED_FACE('',(#261),#195,.T.);
#1224=ADVANCED_FACE('',(#262),#1160,.T.);
#1225=ADVANCED_FACE('',(#263),#196,.T.);
#1226=ADVANCED_FACE('',(#264),#1161,.T.);
#1227=ADVANCED_FACE('',(#265),#197,.T.);
#1228=ADVANCED_FACE('',(#266),#1162,.T.);
#1229=ADVANCED_FACE('',(#267),#198,.F.);
#1230=ADVANCED_FACE('',(#268),#35,.T.);
#1231=ADVANCED_FACE('',(#269),#199,.F.);
#1232=ADVANCED_FACE('',(#270),#36,.T.);
#1233=ADVANCED_FACE('',(#271),#200,.T.);
#1234=ADVANCED_FACE('',(#272),#1163,.T.);
#1235=ADVANCED_FACE('',(#273),#201,.T.);
#1236=ADVANCED_FACE('',(#274),#1164,.T.);
#1237=ADVANCED_FACE('',(#275),#1165,.T.);
#1238=ADVANCED_FACE('',(#276),#1166,.T.);
#1239=ADVANCED_FACE('',(#277),#37,.T.);
#1240=ADVANCED_FACE('',(#278),#202,.F.);
#1241=ADVANCED_FACE('',(#279),#38,.T.);
#1242=ADVANCED_FACE('',(#280),#203,.T.);
#1243=ADVANCED_FACE('',(#281),#1167,.T.);
#1244=ADVANCED_FACE('',(#282),#1168,.T.);
#1245=ADVANCED_FACE('',(#283),#204,.T.);
#1246=ADVANCED_FACE('',(#284),#16,.T.);
#1247=ADVANCED_FACE('',(#285),#205,.T.);
#1248=ADVANCED_FACE('',(#286),#206,.T.);
#1249=CLOSED_SHELL('',(#1169,#1170,#1171,#1172,#1173,#1174,#1175,#1176,
#1177,#1178,#1179,#1180,#1181,#1182,#1183,#1184,#1185,#1186,#1187,#1188,
#1189,#1190,#1191,#1192,#1193,#1194,#1195,#1196,#1197,#1198,#1199,#1200,
#1201,#1202,#1203,#1204,#1205,#1206,#1207,#1208,#1209,#1210,#1211,#1212,
#1213,#1214,#1215,#1216,#1217,#1218,#1219,#1220,#1221,#1222,#1223,#1224,
#1225,#1226,#1227,#1228,#1229,#1230,#1231,#1232,#1233,#1234,#1235,#1236,
#1237,#1238,#1239,#1240,#1241,#1242,#1243,#1244,#1245,#1246,#1247,#1248));
#1250=DERIVED_UNIT_ELEMENT(#1252,1.);
#1251=DERIVED_UNIT_ELEMENT(#2311,-3.);
#1252=(
MASS_UNIT()
NAMED_UNIT(*)
SI_UNIT(.KILO.,.GRAM.)
);
#1253=DERIVED_UNIT((#1250,#1251));
#1254=MEASURE_REPRESENTATION_ITEM('density measure',
POSITIVE_RATIO_MEASURE(7850.),#1253);
#1255=PROPERTY_DEFINITION_REPRESENTATION(#1260,#1257);
#1256=PROPERTY_DEFINITION_REPRESENTATION(#1261,#1258);
#1257=REPRESENTATION('material name',(#1259),#2308);
#1258=REPRESENTATION('density',(#1254),#2308);
#1259=DESCRIPTIVE_REPRESENTATION_ITEM('Steel','Steel');
#1260=PROPERTY_DEFINITION('material property','material name',#2318);
#1261=PROPERTY_DEFINITION('material property','density of part',#2318);
#1262=AXIS2_PLACEMENT_3D('',#1913,#1457,#1458);
#1263=AXIS2_PLACEMENT_3D('',#1914,#1459,#1460);
#1264=AXIS2_PLACEMENT_3D('',#1917,#1461,#1462);
#1265=AXIS2_PLACEMENT_3D('',#1919,#1463,#1464);
#1266=AXIS2_PLACEMENT_3D('',#1921,#1465,#1466);
#1267=AXIS2_PLACEMENT_3D('',#1922,#1467,#1468);
#1268=AXIS2_PLACEMENT_3D('',#1923,#1469,#1470);
#1269=AXIS2_PLACEMENT_3D('',#1926,#1471,#1472);
#1270=AXIS2_PLACEMENT_3D('',#1929,#1475,#1476);
#1271=AXIS2_PLACEMENT_3D('',#1932,#1477,#1478);
#1272=AXIS2_PLACEMENT_3D('',#1933,#1479,#1480);
#1273=AXIS2_PLACEMENT_3D('',#1934,#1481,#1482);
#1274=AXIS2_PLACEMENT_3D('',#1935,#1483,#1484);
#1275=AXIS2_PLACEMENT_3D('',#1938,#1485,#1486);
#1276=AXIS2_PLACEMENT_3D('',#1941,#1489,#1490);
#1277=AXIS2_PLACEMENT_3D('',#1944,#1491,#1492);
#1278=AXIS2_PLACEMENT_3D('',#1945,#1493,#1494);
#1279=AXIS2_PLACEMENT_3D('',#1946,#1495,#1496);
#1280=AXIS2_PLACEMENT_3D('',#1947,#1497,#1498);
#1281=AXIS2_PLACEMENT_3D('',#1948,#1499,#1500);
#1282=AXIS2_PLACEMENT_3D('',#1949,#1501,#1502);
#1283=AXIS2_PLACEMENT_3D('',#1950,#1503,#1504);
#1284=AXIS2_PLACEMENT_3D('',#1954,#1506,#1507);
#1285=AXIS2_PLACEMENT_3D('',#1956,#1509,#1510);
#1286=AXIS2_PLACEMENT_3D('',#1959,#1512,#1513);
#1287=AXIS2_PLACEMENT_3D('',#1960,#1514,#1515);
#1288=AXIS2_PLACEMENT_3D('',#1963,#1517,#1518);
#1289=AXIS2_PLACEMENT_3D('',#1964,#1519,#1520);
#1290=AXIS2_PLACEMENT_3D('',#1971,#1523,#1524);
#1291=AXIS2_PLACEMENT_3D('',#1972,#1525,#1526);
#1292=AXIS2_PLACEMENT_3D('',#1975,#1527,#1528);
#1293=AXIS2_PLACEMENT_3D('',#1979,#1530,#1531);
#1294=AXIS2_PLACEMENT_3D('',#1983,#1533,#1534);
#1295=AXIS2_PLACEMENT_3D('',#1987,#1536,#1537);
#1296=AXIS2_PLACEMENT_3D('',#1990,#1539,#1540);
#1297=AXIS2_PLACEMENT_3D('',#1993,#1541,#1542);
#1298=AXIS2_PLACEMENT_3D('',#1997,#1544,#1545);
#1299=AXIS2_PLACEMENT_3D('',#2001,#1547,#1548);
#1300=AXIS2_PLACEMENT_3D('',#2002,#1549,#1550);
#1301=AXIS2_PLACEMENT_3D('',#2003,#1551,#1552);
#1302=AXIS2_PLACEMENT_3D('',#2005,#1553,#1554);
#1303=AXIS2_PLACEMENT_3D('',#2007,#1555,#1556);
#1304=AXIS2_PLACEMENT_3D('',#2008,#1557,#1558);
#1305=AXIS2_PLACEMENT_3D('',#2009,#1559,#1560);
#1306=AXIS2_PLACEMENT_3D('',#2011,#1561,#1562);
#1307=AXIS2_PLACEMENT_3D('',#2013,#1564,#1565);
#1308=AXIS2_PLACEMENT_3D('',#2015,#1566,#1567);
#1309=AXIS2_PLACEMENT_3D('',#2016,#1568,#1569);
#1310=AXIS2_PLACEMENT_3D('',#2017,#1570,#1571);
#1311=AXIS2_PLACEMENT_3D('',#2019,#1572,#1573);
#1312=AXIS2_PLACEMENT_3D('',#2021,#1575,#1576);
#1313=AXIS2_PLACEMENT_3D('',#2023,#1577,#1578);
#1314=AXIS2_PLACEMENT_3D('',#2024,#1579,#1580);
#1315=AXIS2_PLACEMENT_3D('',#2025,#1581,#1582);
#1316=AXIS2_PLACEMENT_3D('',#2027,#1583,#1584);
#1317=AXIS2_PLACEMENT_3D('',#2029,#1586,#1587);
#1318=AXIS2_PLACEMENT_3D('',#2031,#1588,#1589);
#1319=AXIS2_PLACEMENT_3D('',#2032,#1590,#1591);
#1320=AXIS2_PLACEMENT_3D('',#2033,#1592,#1593);
#1321=AXIS2_PLACEMENT_3D('',#2035,#1595,#1596);
#1322=AXIS2_PLACEMENT_3D('',#2041,#1600,#1601);
#1323=AXIS2_PLACEMENT_3D('',#2044,#1603,#1604);
#1324=AXIS2_PLACEMENT_3D('',#2045,#1605,#1606);
#1325=AXIS2_PLACEMENT_3D('',#2049,#1609,#1610);
#1326=AXIS2_PLACEMENT_3D('',#2052,#1612,#1613);
#1327=AXIS2_PLACEMENT_3D('',#2053,#1614,#1615);
#1328=AXIS2_PLACEMENT_3D('',#2055,#1616,#1617);
#1329=AXIS2_PLACEMENT_3D('',#2057,#1618,#1619);
#1330=AXIS2_PLACEMENT_3D('',#2058,#1620,#1621);
#1331=AXIS2_PLACEMENT_3D('',#2059,#1622,#1623);
#1332=AXIS2_PLACEMENT_3D('',#2061,#1624,#1625);
#1333=AXIS2_PLACEMENT_3D('',#2062,#1626,#1627);
#1334=AXIS2_PLACEMENT_3D('',#2063,#1628,#1629);
#1335=AXIS2_PLACEMENT_3D('',#2065,#1630,#1631);
#1336=AXIS2_PLACEMENT_3D('',#2066,#1632,#1633);
#1337=AXIS2_PLACEMENT_3D('',#2067,#1634,#1635);
#1338=AXIS2_PLACEMENT_3D('',#2069,#1636,#1637);
#1339=AXIS2_PLACEMENT_3D('',#2071,#1639,#1640);
#1340=AXIS2_PLACEMENT_3D('',#2073,#1641,#1642);
#1341=AXIS2_PLACEMENT_3D('',#2074,#1643,#1644);
#1342=AXIS2_PLACEMENT_3D('',#2075,#1645,#1646);
#1343=AXIS2_PLACEMENT_3D('',#2077,#1648,#1649);
#1344=AXIS2_PLACEMENT_3D('',#2081,#1651,#1652);
#1345=AXIS2_PLACEMENT_3D('',#2083,#1654,#1655);
#1346=AXIS2_PLACEMENT_3D('',#2087,#1658,#1659);
#1347=AXIS2_PLACEMENT_3D('',#2090,#1661,#1662);
#1348=AXIS2_PLACEMENT_3D('',#2091,#1663,#1664);
#1349=AXIS2_PLACEMENT_3D('',#2094,#1665,#1666);
#1350=AXIS2_PLACEMENT_3D('',#2095,#1667,#1668);
#1351=AXIS2_PLACEMENT_3D('',#2096,#1669,#1670);
#1352=AXIS2_PLACEMENT_3D('',#2097,#1671,#1672);
#1353=AXIS2_PLACEMENT_3D('',#2100,#1673,#1674);
#1354=AXIS2_PLACEMENT_3D('',#2102,#1676,#1677);
#1355=AXIS2_PLACEMENT_3D('',#2103,#1678,#1679);
#1356=AXIS2_PLACEMENT_3D('',#2105,#1680,#1681);
#1357=AXIS2_PLACEMENT_3D('',#2108,#1683,#1684);
#1358=AXIS2_PLACEMENT_3D('',#2109,#1685,#1686);
#1359=AXIS2_PLACEMENT_3D('',#2111,#1687,#1688);
#1360=AXIS2_PLACEMENT_3D('',#2126,#1689,#1690);
#1361=AXIS2_PLACEMENT_3D('',#2128,#1691,#1692);
#1362=AXIS2_PLACEMENT_3D('',#2129,#1693,#1694);
#1363=AXIS2_PLACEMENT_3D('',#2130,#1695,#1696);
#1364=AXIS2_PLACEMENT_3D('',#2132,#1697,#1698);
#1365=AXIS2_PLACEMENT_3D('',#2134,#1700,#1701);
#1366=AXIS2_PLACEMENT_3D('',#2135,#1702,#1703);
#1367=AXIS2_PLACEMENT_3D('',#2136,#1704,#1705);
#1368=AXIS2_PLACEMENT_3D('',#2142,#1709,#1710);
#1369=AXIS2_PLACEMENT_3D('',#2145,#1712,#1713);
#1370=AXIS2_PLACEMENT_3D('',#2146,#1714,#1715);
#1371=AXIS2_PLACEMENT_3D('',#2150,#1718,#1719);
#1372=AXIS2_PLACEMENT_3D('',#2152,#1720,#1721);
#1373=AXIS2_PLACEMENT_3D('',#2153,#1722,#1723);
#1374=AXIS2_PLACEMENT_3D('',#2154,#1724,#1725);
#1375=AXIS2_PLACEMENT_3D('',#2161,#1728,#1729);
#1376=AXIS2_PLACEMENT_3D('',#2162,#1730,#1731);
#1377=AXIS2_PLACEMENT_3D('',#2165,#1732,#1733);
#1378=AXIS2_PLACEMENT_3D('',#2167,#1734,#1735);
#1379=AXIS2_PLACEMENT_3D('',#2171,#1737,#1738);
#1380=AXIS2_PLACEMENT_3D('',#2174,#1740,#1741);
#1381=AXIS2_PLACEMENT_3D('',#2179,#1743,#1744);
#1382=AXIS2_PLACEMENT_3D('',#2183,#1746,#1747);
#1383=AXIS2_PLACEMENT_3D('',#2185,#1748,#1749);
#1384=AXIS2_PLACEMENT_3D('',#2186,#1750,#1751);
#1385=AXIS2_PLACEMENT_3D('',#2191,#1753,#1754);
#1386=AXIS2_PLACEMENT_3D('',#2195,#1756,#1757);
#1387=AXIS2_PLACEMENT_3D('',#2199,#1759,#1760);
#1388=AXIS2_PLACEMENT_3D('',#2202,#1762,#1763);
#1389=AXIS2_PLACEMENT_3D('',#2203,#1764,#1765);
#1390=AXIS2_PLACEMENT_3D('',#2204,#1766,#1767);
#1391=AXIS2_PLACEMENT_3D('',#2206,#1768,#1769);
#1392=AXIS2_PLACEMENT_3D('',#2207,#1770,#1771);
#1393=AXIS2_PLACEMENT_3D('',#2208,#1772,#1773);
#1394=AXIS2_PLACEMENT_3D('',#2210,#1774,#1775);
#1395=AXIS2_PLACEMENT_3D('',#2211,#1776,#1777);
#1396=AXIS2_PLACEMENT_3D('',#2212,#1778,#1779);
#1397=AXIS2_PLACEMENT_3D('',#2213,#1780,#1781);
#1398=AXIS2_PLACEMENT_3D('',#2215,#1783,#1784);
#1399=AXIS2_PLACEMENT_3D('',#2216,#1785,#1786);
#1400=AXIS2_PLACEMENT_3D('',#2217,#1787,#1788);
#1401=AXIS2_PLACEMENT_3D('',#2218,#1789,#1790);
#1402=AXIS2_PLACEMENT_3D('',#2219,#1791,#1792);
#1403=AXIS2_PLACEMENT_3D('',#2220,#1793,#1794);
#1404=AXIS2_PLACEMENT_3D('',#2222,#1796,#1797);
#1405=AXIS2_PLACEMENT_3D('',#2224,#1799,#1800);
#1406=AXIS2_PLACEMENT_3D('',#2225,#1801,#1802);
#1407=AXIS2_PLACEMENT_3D('',#2226,#1803,#1804);
#1408=AXIS2_PLACEMENT_3D('',#2229,#1806,#1807);
#1409=AXIS2_PLACEMENT_3D('',#2230,#1808,#1809);
#1410=AXIS2_PLACEMENT_3D('',#2232,#1810,#1811);
#1411=AXIS2_PLACEMENT_3D('',#2233,#1812,#1813);
#1412=AXIS2_PLACEMENT_3D('',#2234,#1814,#1815);
#1413=AXIS2_PLACEMENT_3D('',#2236,#1816,#1817);
#1414=AXIS2_PLACEMENT_3D('',#2238,#1819,#1820);
#1415=AXIS2_PLACEMENT_3D('',#2239,#1821,#1822);
#1416=AXIS2_PLACEMENT_3D('',#2240,#1823,#1824);
#1417=AXIS2_PLACEMENT_3D('',#2241,#1825,#1826);
#1418=AXIS2_PLACEMENT_3D('',#2242,#1827,#1828);
#1419=AXIS2_PLACEMENT_3D('',#2243,#1829,#1830);
#1420=AXIS2_PLACEMENT_3D('',#2244,#1831,#1832);
#1421=AXIS2_PLACEMENT_3D('',#2245,#1833,#1834);
#1422=AXIS2_PLACEMENT_3D('',#2246,#1835,#1836);
#1423=AXIS2_PLACEMENT_3D('',#2247,#1837,#1838);
#1424=AXIS2_PLACEMENT_3D('',#2248,#1839,#1840);
#1425=AXIS2_PLACEMENT_3D('',#2250,#1842,#1843);
#1426=AXIS2_PLACEMENT_3D('',#2252,#1845,#1846);
#1427=AXIS2_PLACEMENT_3D('',#2254,#1848,#1849);
#1428=AXIS2_PLACEMENT_3D('',#2255,#1850,#1851);
#1429=AXIS2_PLACEMENT_3D('',#2256,#1852,#1853);
#1430=AXIS2_PLACEMENT_3D('',#2259,#1855,#1856);
#1431=AXIS2_PLACEMENT_3D('',#2260,#1857,#1858);
#1432=AXIS2_PLACEMENT_3D('',#2262,#1859,#1860);
#1433=AXIS2_PLACEMENT_3D('',#2263,#1861,#1862);
#1434=AXIS2_PLACEMENT_3D('',#2264,#1863,#1864);
#1435=AXIS2_PLACEMENT_3D('',#2265,#1865,#1866);
#1436=AXIS2_PLACEMENT_3D('',#2267,#1868,#1869);
#1437=AXIS2_PLACEMENT_3D('',#2268,#1870,#1871);
#1438=AXIS2_PLACEMENT_3D('',#2269,#1872,#1873);
#1439=AXIS2_PLACEMENT_3D('',#2270,#1874,#1875);
#1440=AXIS2_PLACEMENT_3D('',#2271,#1876,#1877);
#1441=AXIS2_PLACEMENT_3D('',#2272,#1878,#1879);
#1442=AXIS2_PLACEMENT_3D('',#2274,#1881,#1882);
#1443=AXIS2_PLACEMENT_3D('',#2276,#1884,#1885);
#1444=AXIS2_PLACEMENT_3D('',#2277,#1886,#1887);
#1445=AXIS2_PLACEMENT_3D('',#2278,#1888,#1889);
#1446=AXIS2_PLACEMENT_3D('',#2279,#1890,#1891);
#1447=AXIS2_PLACEMENT_3D('',#2280,#1892,#1893);
#1448=AXIS2_PLACEMENT_3D('',#2282,#1894,#1895);
#1449=AXIS2_PLACEMENT_3D('',#2297,#1896,#1897);
#1450=AXIS2_PLACEMENT_3D('',#2298,#1898,#1899);
#1451=AXIS2_PLACEMENT_3D('',#2299,#1900,#1901);
#1452=AXIS2_PLACEMENT_3D('',#2300,#1902,#1903);
#1453=AXIS2_PLACEMENT_3D('',#2301,#1904,#1905);
#1454=AXIS2_PLACEMENT_3D('',#2302,#1906,#1907);
#1455=AXIS2_PLACEMENT_3D('',#2303,#1908,#1909);
#1456=AXIS2_PLACEMENT_3D('',#2305,#1911,#1912);
#1457=DIRECTION('axis',(0.,0.,1.));
#1458=DIRECTION('refdir',(1.,0.,0.));
#1459=DIRECTION('center_axis',(0.,-1.,0.));
#1460=DIRECTION('ref_axis',(0.,0.,-1.));
#1461=DIRECTION('center_axis',(0.133106880693541,0.,0.991101689188368));
#1462=DIRECTION('ref_axis',(-0.991101689188367,0.,0.133106880693541));
#1463=DIRECTION('center_axis',(0.,-1.,0.));
#1464=DIRECTION('ref_axis',(0.752697442766196,0.,0.658366584550909));
#1465=DIRECTION('center_axis',(1.,0.,0.));
#1466=DIRECTION('ref_axis',(0.,-1.,0.));
#1467=DIRECTION('center_axis',(0.,1.,0.));
#1468=DIRECTION('ref_axis',(0.752697442766196,0.,0.658366584550909));
#1469=DIRECTION('center_axis',(-1.,0.,0.));
#1470=DIRECTION('ref_axis',(0.,-0.707106781186549,-0.707106781186546));
#1471=DIRECTION('center_axis',(1.,0.,0.));
#1472=DIRECTION('ref_axis',(0.,-1.,0.));
#1473=DIRECTION('',(1.,0.,0.));
#1474=DIRECTION('',(-1.,0.,0.));
#1475=DIRECTION('center_axis',(0.,-1.,0.));
#1476=DIRECTION('ref_axis',(0.,0.,-1.));
#1477=DIRECTION('center_axis',(0.,0.,1.));
#1478=DIRECTION('ref_axis',(0.,-1.,0.));
#1479=DIRECTION('center_axis',(0.,1.,0.));
#1480=DIRECTION('ref_axis',(-0.707106781186549,0.,0.707106781186546));
#1481=DIRECTION('center_axis',(0.,-1.,0.));
#1482=DIRECTION('ref_axis',(-0.707106781186549,0.,0.707106781186546));
#1483=DIRECTION('center_axis',(0.,0.,-1.));
#1484=DIRECTION('ref_axis',(0.707106781186546,-0.707106781186549,0.));
#1485=DIRECTION('center_axis',(0.,0.,1.));
#1486=DIRECTION('ref_axis',(0.,-1.,0.));
#1487=DIRECTION('',(0.,0.,1.));
#1488=DIRECTION('',(0.,0.,-1.));
#1489=DIRECTION('center_axis',(0.,-1.,0.));
#1490=DIRECTION('ref_axis',(0.,0.,-1.));
#1491=DIRECTION('center_axis',(-0.927977599003202,0.,-0.372635982895174));
#1492=DIRECTION('ref_axis',(0.,-1.,0.));
#1493=DIRECTION('center_axis',(0.,1.,0.));
#1494=DIRECTION('ref_axis',(-0.560073217135413,0.,-0.82844311298217));
#1495=DIRECTION('center_axis',(0.,-1.,0.));
#1496=DIRECTION('ref_axis',(-0.560073217135413,0.,-0.82844311298217));
#1497=DIRECTION('center_axis',(0.,-1.,0.));
#1498=DIRECTION('ref_axis',(0.,0.,-1.));
#1499=DIRECTION('center_axis',(0.,1.,0.));
#1500=DIRECTION('ref_axis',(0.78924012459548,0.,-0.614084705662428));
#1501=DIRECTION('center_axis',(0.,-1.,0.));
#1502=DIRECTION('ref_axis',(0.78924012459548,0.,-0.614084705662428));
#1503=DIRECTION('center_axis',(0.,1.,0.));
#1504=DIRECTION('ref_axis',(-0.560073217135418,0.,-0.828443112982167));
#1505=DIRECTION('',(0.,1.,0.));
#1506=DIRECTION('center_axis',(0.,-1.,0.));
#1507=DIRECTION('ref_axis',(-0.560073217135413,0.,-0.82844311298217));
#1508=DIRECTION('',(0.,-1.,0.));
#1509=DIRECTION('center_axis',(0.,1.,0.));
#1510=DIRECTION('ref_axis',(0.999999999999689,0.,7.88252969219758E-7));
#1511=DIRECTION('',(0.,-1.,0.));
#1512=DIRECTION('center_axis',(0.,-1.,0.));
#1513=DIRECTION('ref_axis',(0.78924012459548,0.,-0.614084705662428));
#1514=DIRECTION('center_axis',(0.,1.,0.));
#1515=DIRECTION('ref_axis',(0.752697442766193,0.,0.658366584550912));
#1516=DIRECTION('',(0.,1.,0.));
#1517=DIRECTION('center_axis',(0.,-1.,0.));
#1518=DIRECTION('ref_axis',(0.752697442766196,0.,0.658366584550909));
#1519=DIRECTION('center_axis',(0.,1.,0.));
#1520=DIRECTION('ref_axis',(1.,0.,0.));
#1521=DIRECTION('',(9.89311978810134E-32,0.,-1.));
#1522=DIRECTION('',(1.,0.,0.));
#1523=DIRECTION('center_axis',(0.,1.,0.));
#1524=DIRECTION('ref_axis',(-1.,0.,0.));
#1525=DIRECTION('center_axis',(0.,1.,0.));
#1526=DIRECTION('ref_axis',(0.,0.,-1.));
#1527=DIRECTION('center_axis',(0.,-1.,0.));
#1528=DIRECTION('ref_axis',(-0.707106781186548,0.,-0.707106781186548));
#1529=DIRECTION('',(1.35175395730903E-16,0.,-1.));
#1530=DIRECTION('center_axis',(0.,-1.,0.));
#1531=DIRECTION('ref_axis',(-0.707106781186548,0.,0.707106781186547));
#1532=DIRECTION('',(-1.,0.,-2.47525836617915E-17));
#1533=DIRECTION('center_axis',(0.,-1.,0.));
#1534=DIRECTION('ref_axis',(0.707106781186547,0.,0.707106781186547));
#1535=DIRECTION('',(0.,0.,1.));
#1536=DIRECTION('center_axis',(0.,-1.,0.));
#1537=DIRECTION('ref_axis',(0.707106781186547,0.,-0.707106781186548));
#1538=DIRECTION('',(1.,0.,0.));
#1539=DIRECTION('center_axis',(0.,-1.,0.));
#1540=DIRECTION('ref_axis',(1.,0.,0.));
#1541=DIRECTION('center_axis',(0.,-1.,0.));
#1542=DIRECTION('ref_axis',(-0.752697442766211,0.,0.658366584550892));
#1543=DIRECTION('',(-1.,0.,0.));
#1544=DIRECTION('center_axis',(0.,-1.,0.));
#1545=DIRECTION('ref_axis',(0.707106781186548,0.,0.707106781186548));
#1546=DIRECTION('',(0.,0.,1.));
#1547=DIRECTION('center_axis',(0.,-1.,0.));
#1548=DIRECTION('ref_axis',(0.594599492746813,0.,-0.804022041504605));
#1549=DIRECTION('center_axis',(0.,-1.,0.));
#1550=DIRECTION('ref_axis',(-0.762570468976662,0.,-0.64690515521575));
#1551=DIRECTION('center_axis',(0.,-1.,0.));
#1552=DIRECTION('ref_axis',(0.,0.,-1.));
#1553=DIRECTION('center_axis',(2.2204460492503E-15,0.,-1.));
#1554=DIRECTION('ref_axis',(1.,0.,2.2204460492503E-15));
#1555=DIRECTION('center_axis',(-1.,0.,0.));
#1556=DIRECTION('ref_axis',(0.,-1.,0.));
#1557=DIRECTION('center_axis',(0.,1.,0.));
#1558=DIRECTION('ref_axis',(-0.707106781186548,0.,-0.707106781186548));
#1559=DIRECTION('center_axis',(1.,0.,0.));
#1560=DIRECTION('ref_axis',(0.,-0.707106781186547,0.707106781186548));
#1561=DIRECTION('center_axis',(-1.,0.,0.));
#1562=DIRECTION('ref_axis',(0.,-1.,0.));
#1563=DIRECTION('',(-1.,0.,0.));
#1564=DIRECTION('center_axis',(0.,-1.,0.));
#1565=DIRECTION('ref_axis',(0.,0.,-1.));
#1566=DIRECTION('center_axis',(0.,0.,-1.));
#1567=DIRECTION('ref_axis',(0.,-1.,0.));
#1568=DIRECTION('center_axis',(0.,1.,0.));
#1569=DIRECTION('ref_axis',(0.707106781186547,0.,-0.707106781186548));
#1570=DIRECTION('center_axis',(0.,0.,1.));
#1571=DIRECTION('ref_axis',(-0.707106781186548,-0.707106781186547,0.));
#1572=DIRECTION('center_axis',(0.,0.,-1.));
#1573=DIRECTION('ref_axis',(0.,-1.,0.));
#1574=DIRECTION('',(0.,0.,-1.));
#1575=DIRECTION('center_axis',(0.,-1.,0.));
#1576=DIRECTION('ref_axis',(0.,0.,-1.));
#1577=DIRECTION('center_axis',(1.,0.,0.));
#1578=DIRECTION('ref_axis',(0.,-1.,0.));
#1579=DIRECTION('center_axis',(0.,1.,0.));
#1580=DIRECTION('ref_axis',(0.707106781186548,0.,0.707106781186548));
#1581=DIRECTION('center_axis',(-1.,0.,-2.47525836617915E-17));
#1582=DIRECTION('ref_axis',(0.,-0.707106781186547,-0.707106781186548));
#1583=DIRECTION('center_axis',(1.,0.,0.));
#1584=DIRECTION('ref_axis',(0.,-1.,0.));
#1585=DIRECTION('',(1.,0.,2.47525836617915E-17));
#1586=DIRECTION('center_axis',(0.,-1.,0.));
#1587=DIRECTION('ref_axis',(0.,0.,-1.));
#1588=DIRECTION('center_axis',(0.,0.,1.));
#1589=DIRECTION('ref_axis',(0.,-1.,0.));
#1590=DIRECTION('center_axis',(0.,1.,0.));
#1591=DIRECTION('ref_axis',(-0.707106781186548,0.,0.707106781186547));
#1592=DIRECTION('center_axis',(1.35175395730903E-16,0.,-1.));
#1593=DIRECTION('ref_axis',(0.707106781186548,-0.707106781186547,0.));
#1594=DIRECTION('',(-1.35175395730903E-16,0.,1.));
#1595=DIRECTION('center_axis',(2.47525836617915E-17,0.,-1.));
#1596=DIRECTION('ref_axis',(-1.,0.,-2.47525836617915E-17));
#1597=DIRECTION('',(0.,-1.,0.));
#1598=DIRECTION('',(-1.,0.,-2.47525836617915E-17));
#1599=DIRECTION('',(0.,1.,0.));
#1600=DIRECTION('center_axis',(0.,1.,0.));
#1601=DIRECTION('ref_axis',(-0.707106781186548,0.,0.707106781186547));
#1602=DIRECTION('',(0.,1.,0.));
#1603=DIRECTION('center_axis',(0.,-1.,0.));
#1604=DIRECTION('ref_axis',(-0.707106781186548,0.,0.707106781186547));
#1605=DIRECTION('center_axis',(1.,0.,1.35175395730903E-16));
#1606=DIRECTION('ref_axis',(1.35175395730903E-16,0.,-1.));
#1607=DIRECTION('',(0.,-1.,0.));
#1608=DIRECTION('',(1.35175395730903E-16,0.,-1.));
#1609=DIRECTION('center_axis',(0.,1.,0.));
#1610=DIRECTION('ref_axis',(-0.707106781186548,0.,-0.707106781186548));
#1611=DIRECTION('',(0.,1.,0.));
#1612=DIRECTION('center_axis',(0.,-1.,0.));
#1613=DIRECTION('ref_axis',(-0.707106781186548,0.,-0.707106781186548));
#1614=DIRECTION('center_axis',(0.,-1.,0.));
#1615=DIRECTION('ref_axis',(0.,0.,-1.));
#1616=DIRECTION('center_axis',(-1.,0.,0.));
#1617=DIRECTION('ref_axis',(0.,0.,-1.));
#1618=DIRECTION('center_axis',(-0.133106880693585,0.,0.991101689188362));
#1619=DIRECTION('ref_axis',(0.,-1.,0.));
#1620=DIRECTION('center_axis',(0.,1.,0.));
#1621=DIRECTION('ref_axis',(-0.752697442766211,0.,0.658366584550892));
#1622=DIRECTION('center_axis',(0.,-1.,0.));
#1623=DIRECTION('ref_axis',(0.,0.,-1.));
#1624=DIRECTION('center_axis',(-0.95614219607179,0.,0.292902886450468));
#1625=DIRECTION('ref_axis',(0.,-1.,0.));
#1626=DIRECTION('center_axis',(0.,1.,0.));
#1627=DIRECTION('ref_axis',(-0.762570468976662,0.,-0.64690515521575));
#1628=DIRECTION('center_axis',(0.,-1.,0.));
#1629=DIRECTION('ref_axis',(0.,0.,-1.));
#1630=DIRECTION('center_axis',(0.,0.,-1.));
#1631=DIRECTION('ref_axis',(0.,-1.,0.));
#1632=DIRECTION('center_axis',(0.,1.,0.));
#1633=DIRECTION('ref_axis',(0.594599492746813,0.,-0.804022041504605));
#1634=DIRECTION('center_axis',(0.,0.,1.));
#1635=DIRECTION('ref_axis',(-0.707106781186548,-0.707106781186547,0.));
#1636=DIRECTION('center_axis',(0.,0.,-1.));
#1637=DIRECTION('ref_axis',(0.,-1.,0.));
#1638=DIRECTION('',(0.,0.,-1.));
#1639=DIRECTION('center_axis',(0.,-1.,0.));
#1640=DIRECTION('ref_axis',(0.,0.,-1.));
#1641=DIRECTION('center_axis',(1.,0.,0.));
#1642=DIRECTION('ref_axis',(0.,-1.,0.));
#1643=DIRECTION('center_axis',(0.,1.,0.));
#1644=DIRECTION('ref_axis',(0.707106781186548,0.,0.707106781186548));
#1645=DIRECTION('center_axis',(-1.,0.,0.));
#1646=DIRECTION('ref_axis',(0.,-0.707106781186549,-0.707106781186546));
#1647=DIRECTION('',(1.,0.,0.));
#1648=DIRECTION('center_axis',(0.,1.,0.));
#1649=DIRECTION('ref_axis',(0.707106781186549,0.,0.707106781186546));
#1650=DIRECTION('',(0.,1.,0.));
#1651=DIRECTION('center_axis',(0.,-1.,0.));
#1652=DIRECTION('ref_axis',(0.707106781186548,0.,0.707106781186548));
#1653=DIRECTION('',(0.,-1.,0.));
#1654=DIRECTION('center_axis',(0.,0.,-1.));
#1655=DIRECTION('ref_axis',(-1.,0.,0.));
#1656=DIRECTION('',(0.,-1.,0.));
#1657=DIRECTION('',(-1.,0.,0.));
#1658=DIRECTION('center_axis',(0.,1.,0.));
#1659=DIRECTION('ref_axis',(-0.752697442766211,0.,0.658366584550892));
#1660=DIRECTION('',(0.,1.,0.));
#1661=DIRECTION('center_axis',(0.,-1.,0.));
#1662=DIRECTION('ref_axis',(-0.752697442766211,0.,0.658366584550892));
#1663=DIRECTION('center_axis',(0.,-1.,0.));
#1664=DIRECTION('ref_axis',(0.,0.,-1.));
#1665=DIRECTION('center_axis',(0.,1.,0.));
#1666=DIRECTION('ref_axis',(1.,0.,0.));
#1667=DIRECTION('center_axis',(-1.,0.,0.));
#1668=DIRECTION('ref_axis',(0.,0.,1.));
#1669=DIRECTION('center_axis',(0.,1.,0.));
#1670=DIRECTION('ref_axis',(1.,0.,0.));
#1671=DIRECTION('center_axis',(0.,1.,0.));
#1672=DIRECTION('ref_axis',(1.,0.,0.));
#1673=DIRECTION('center_axis',(0.,-1.,0.));
#1674=DIRECTION('ref_axis',(1.,0.,0.));
#1675=DIRECTION('',(0.,-1.,0.));
#1676=DIRECTION('center_axis',(0.,-1.,0.));
#1677=DIRECTION('ref_axis',(1.,0.,0.));
#1678=DIRECTION('center_axis',(-9.89311978810134E-32,0.,1.));
#1679=DIRECTION('ref_axis',(0.707106781186547,-0.707106781186548,0.));
#1680=DIRECTION('center_axis',(0.,0.,1.));
#1681=DIRECTION('ref_axis',(0.,-1.,0.));
#1682=DIRECTION('',(-9.89311978810134E-32,0.,1.));
#1683=DIRECTION('center_axis',(-2.77555756156289E-16,0.,-1.));
#1684=DIRECTION('ref_axis',(1.,0.,-2.77555756156289E-16));
#1685=DIRECTION('center_axis',(0.,1.,0.));
#1686=DIRECTION('ref_axis',(-0.0516980580777166,0.,-0.998662761291815));
#1687=DIRECTION('center_axis',(0.,-1.,0.));
#1688=DIRECTION('ref_axis',(0.,0.,-1.));
#1689=DIRECTION('center_axis',(0.,1.,0.));
#1690=DIRECTION('ref_axis',(-0.998662761291815,0.,-0.0516980580777168));
#1691=DIRECTION('center_axis',(-1.,0.,0.));
#1692=DIRECTION('ref_axis',(0.,-1.,0.));
#1693=DIRECTION('center_axis',(0.,-1.,0.));
#1694=DIRECTION('ref_axis',(-1.,0.,0.));
#1695=DIRECTION('center_axis',(-1.,0.,0.));
#1696=DIRECTION('ref_axis',(0.,-0.707106781186548,0.707106781186547));
#1697=DIRECTION('center_axis',(-1.,0.,0.));
#1698=DIRECTION('ref_axis',(0.,-1.,0.));
#1699=DIRECTION('',(-1.,0.,0.));
#1700=DIRECTION('center_axis',(0.408248290463863,-0.408248290463863,-0.816496580927726));
#1701=DIRECTION('ref_axis',(0.577350269189626,-0.577350269189626,0.577350269189626));
#1702=DIRECTION('center_axis',(0.,-1.,0.));
#1703=DIRECTION('ref_axis',(0.707106781186548,0.,0.707106781186547));
#1704=DIRECTION('center_axis',(0.,0.,1.));
#1705=DIRECTION('ref_axis',(1.,0.,0.));
#1706=DIRECTION('',(0.,-1.,0.));
#1707=DIRECTION('',(1.,0.,0.));
#1708=DIRECTION('',(0.,1.,0.));
#1709=DIRECTION('center_axis',(0.,1.,0.));
#1710=DIRECTION('ref_axis',(0.707106781186548,0.,0.707106781186547));
#1711=DIRECTION('',(0.,1.,0.));
#1712=DIRECTION('center_axis',(0.,1.,0.));
#1713=DIRECTION('ref_axis',(0.707106781186548,0.,0.707106781186547));
#1714=DIRECTION('center_axis',(1.,0.,9.89311978810134E-32));
#1715=DIRECTION('ref_axis',(9.89311978810134E-32,0.,-1.));
#1716=DIRECTION('',(0.,1.,0.));
#1717=DIRECTION('',(9.89311978810134E-32,0.,-1.));
#1718=DIRECTION('center_axis',(0.,-1.,0.));
#1719=DIRECTION('ref_axis',(0.,0.,-1.));
#1720=DIRECTION('center_axis',(0.,1.,0.));
#1721=DIRECTION('ref_axis',(1.,0.,0.));
#1722=DIRECTION('center_axis',(-1.,0.,0.));
#1723=DIRECTION('ref_axis',(0.,0.,1.));
#1724=DIRECTION('center_axis',(0.,1.,0.));
#1725=DIRECTION('ref_axis',(1.,0.,0.));
#1726=DIRECTION('',(-1.,0.,0.));
#1727=DIRECTION('',(-9.89311978810134E-32,0.,1.));
#1728=DIRECTION('center_axis',(0.,-1.,0.));
#1729=DIRECTION('ref_axis',(0.,0.,-1.));
#1730=DIRECTION('center_axis',(0.,-1.,0.));
#1731=DIRECTION('ref_axis',(-1.,0.,0.));
#1732=DIRECTION('center_axis',(0.,1.,0.));
#1733=DIRECTION('ref_axis',(-0.762570468976662,0.,-0.64690515521575));
#1734=DIRECTION('center_axis',(0.,1.,0.));
#1735=DIRECTION('ref_axis',(0.594599492746813,0.,-0.804022041504605));
#1736=DIRECTION('',(0.,0.,-1.));
#1737=DIRECTION('center_axis',(0.,1.,0.));
#1738=DIRECTION('ref_axis',(0.707106781186548,0.,0.707106781186548));
#1739=DIRECTION('',(1.,0.,0.));
#1740=DIRECTION('center_axis',(0.,1.,0.));
#1741=DIRECTION('ref_axis',(-0.752697442766211,0.,0.658366584550892));
#1742=DIRECTION('',(1.,0.,0.));
#1743=DIRECTION('center_axis',(0.,1.,0.));
#1744=DIRECTION('ref_axis',(-0.707106781186549,0.,0.707106781186546));
#1745=DIRECTION('',(0.,0.,1.));
#1746=DIRECTION('center_axis',(0.,1.,0.));
#1747=DIRECTION('ref_axis',(-0.560073217135413,0.,-0.82844311298217));
#1748=DIRECTION('center_axis',(0.,1.,0.));
#1749=DIRECTION('ref_axis',(0.78924012459548,0.,-0.614084705662428));
#1750=DIRECTION('center_axis',(0.,1.,0.));
#1751=DIRECTION('ref_axis',(0.752697442766196,0.,0.658366584550909));
#1752=DIRECTION('',(-1.,0.,0.));
#1753=DIRECTION('center_axis',(0.,1.,0.));
#1754=DIRECTION('ref_axis',(0.707106781186547,0.,-0.707106781186548));
#1755=DIRECTION('',(0.,0.,-1.));
#1756=DIRECTION('center_axis',(0.,1.,0.));
#1757=DIRECTION('ref_axis',(0.707106781186547,0.,0.707106781186547));
#1758=DIRECTION('',(1.,0.,2.47525836617915E-17));
#1759=DIRECTION('center_axis',(0.,1.,0.));
#1760=DIRECTION('ref_axis',(-0.707106781186548,0.,0.707106781186547));
#1761=DIRECTION('',(-1.35175395730903E-16,0.,1.));
#1762=DIRECTION('center_axis',(0.,1.,0.));
#1763=DIRECTION('ref_axis',(-0.707106781186548,0.,-0.707106781186548));
#1764=DIRECTION('center_axis',(0.,-1.,0.));
#1765=DIRECTION('ref_axis',(0.,0.,-1.));
#1766=DIRECTION('center_axis',(0.13310688069359,0.,-0.991101689188361));
#1767=DIRECTION('ref_axis',(0.,1.,0.));
#1768=DIRECTION('center_axis',(0.,-1.,0.));
#1769=DIRECTION('ref_axis',(-0.762570468976662,0.,-0.64690515521575));
#1770=DIRECTION('center_axis',(-0.95614219607179,0.,0.292902886450468));
#1771=DIRECTION('ref_axis',(0.292902886450468,0.,0.95614219607179));
#1772=DIRECTION('center_axis',(0.,1.,0.));
#1773=DIRECTION('ref_axis',(0.594599492746811,0.,-0.804022041504606));
#1774=DIRECTION('center_axis',(0.,0.,-1.));
#1775=DIRECTION('ref_axis',(-1.,0.,0.));
#1776=DIRECTION('center_axis',(0.,-1.,0.));
#1777=DIRECTION('ref_axis',(0.594599492746813,0.,-0.804022041504605));
#1778=DIRECTION('center_axis',(0.,0.,1.));
#1779=DIRECTION('ref_axis',(-0.707106781186548,0.707106781186547,0.));
#1780=DIRECTION('center_axis',(0.,0.,-1.));
#1781=DIRECTION('ref_axis',(-1.,0.,0.));
#1782=DIRECTION('',(0.,0.,1.));
#1783=DIRECTION('center_axis',(0.,1.,0.));
#1784=DIRECTION('ref_axis',(0.,0.,1.));
#1785=DIRECTION('center_axis',(1.,0.,0.));
#1786=DIRECTION('ref_axis',(0.,0.,-1.));
#1787=DIRECTION('center_axis',(-1.,0.,0.));
#1788=DIRECTION('ref_axis',(0.,0.707106781186549,-0.707106781186546));
#1789=DIRECTION('center_axis',(1.,0.,0.));
#1790=DIRECTION('ref_axis',(0.,0.,-1.));
#1791=DIRECTION('center_axis',(0.,1.,0.));
#1792=DIRECTION('ref_axis',(0.,0.,1.));
#1793=DIRECTION('center_axis',(-1.,0.,0.));
#1794=DIRECTION('ref_axis',(0.,0.,1.));
#1795=DIRECTION('',(0.,1.,0.));
#1796=DIRECTION('center_axis',(0.,1.,0.));
#1797=DIRECTION('ref_axis',(0.594599492746814,0.,-0.804022041504605));
#1798=DIRECTION('',(0.,-1.,0.));
#1799=DIRECTION('center_axis',(0.,1.,0.));
#1800=DIRECTION('ref_axis',(-0.141023754550434,0.,-0.990006212431265));
#1801=DIRECTION('center_axis',(1.,0.,0.));
#1802=DIRECTION('ref_axis',(0.,0.707106781186547,0.707106781186548));
#1803=DIRECTION('center_axis',(1.,0.,0.));
#1804=DIRECTION('ref_axis',(0.,1.,0.));
#1805=DIRECTION('',(1.,0.,0.));
#1806=DIRECTION('center_axis',(-1.,0.,0.));
#1807=DIRECTION('ref_axis',(0.,0.,1.));
#1808=DIRECTION('center_axis',(0.,1.,0.));
#1809=DIRECTION('ref_axis',(0.,0.,1.));
#1810=DIRECTION('center_axis',(0.,0.,-1.));
#1811=DIRECTION('ref_axis',(-1.,0.,0.));
#1812=DIRECTION('center_axis',(0.,-1.,0.));
#1813=DIRECTION('ref_axis',(0.707106781186547,0.,-0.707106781186548));
#1814=DIRECTION('center_axis',(0.,0.,1.));
#1815=DIRECTION('ref_axis',(-0.707106781186547,0.707106781186548,0.));
#1816=DIRECTION('center_axis',(0.,0.,-1.));
#1817=DIRECTION('ref_axis',(-1.,0.,0.));
#1818=DIRECTION('',(0.,0.,1.));
#1819=DIRECTION('center_axis',(0.,1.,0.));
#1820=DIRECTION('ref_axis',(0.,0.,1.));
#1821=DIRECTION('center_axis',(1.,0.,0.));
#1822=DIRECTION('ref_axis',(0.,0.,-1.));
#1823=DIRECTION('center_axis',(0.,-1.,0.));
#1824=DIRECTION('ref_axis',(0.707106781186548,0.,0.707106781186548));
#1825=DIRECTION('center_axis',(-1.,0.,-2.47525836617915E-17));
#1826=DIRECTION('ref_axis',(0.,0.707106781186548,-0.707106781186547));
#1827=DIRECTION('center_axis',(1.,0.,0.));
#1828=DIRECTION('ref_axis',(0.,0.,-1.));
#1829=DIRECTION('center_axis',(0.,1.,0.));
#1830=DIRECTION('ref_axis',(0.,0.,1.));
#1831=DIRECTION('center_axis',(0.,0.,1.));
#1832=DIRECTION('ref_axis',(1.,0.,0.));
#1833=DIRECTION('center_axis',(1.35175395730903E-16,0.,-1.));
#1834=DIRECTION('ref_axis',(0.707106781186548,0.707106781186547,0.));
#1835=DIRECTION('center_axis',(0.,0.,1.));
#1836=DIRECTION('ref_axis',(1.,0.,0.));
#1837=DIRECTION('center_axis',(0.,1.,0.));
#1838=DIRECTION('ref_axis',(0.,0.,1.));
#1839=DIRECTION('center_axis',(0.,1.,0.));
#1840=DIRECTION('ref_axis',(0.707106781186548,0.,0.707106781186548));
#1841=DIRECTION('',(0.,-1.,0.));
#1842=DIRECTION('center_axis',(-1.,0.,0.));
#1843=DIRECTION('ref_axis',(0.,0.,1.));
#1844=DIRECTION('',(0.,1.,0.));
#1845=DIRECTION('center_axis',(0.,1.,0.));
#1846=DIRECTION('ref_axis',(0.707106781186547,0.,-0.707106781186548));
#1847=DIRECTION('',(0.,-1.,0.));
#1848=DIRECTION('center_axis',(0.,0.,1.));
#1849=DIRECTION('ref_axis',(1.,0.,0.));
#1850=DIRECTION('center_axis',(-1.,0.,0.));
#1851=DIRECTION('ref_axis',(0.,0.707106781186549,-0.707106781186546));
#1852=DIRECTION('center_axis',(-1.,0.,0.));
#1853=DIRECTION('ref_axis',(0.,1.,0.));
#1854=DIRECTION('',(-1.,0.,0.));
#1855=DIRECTION('center_axis',(1.,0.,0.));
#1856=DIRECTION('ref_axis',(0.,0.,-1.));
#1857=DIRECTION('center_axis',(0.,1.,0.));
#1858=DIRECTION('ref_axis',(0.,0.,1.));
#1859=DIRECTION('center_axis',(0.,0.,1.));
#1860=DIRECTION('ref_axis',(1.,0.,0.));
#1861=DIRECTION('center_axis',(0.,-1.,0.));
#1862=DIRECTION('ref_axis',(-0.707106781186549,0.,0.707106781186546));
#1863=DIRECTION('center_axis',(0.,0.,-1.));
#1864=DIRECTION('ref_axis',(0.707106781186548,0.707106781186547,0.));
#1865=DIRECTION('center_axis',(0.,0.,1.));
#1866=DIRECTION('ref_axis',(1.,0.,0.));
#1867=DIRECTION('',(0.,0.,-1.));
#1868=DIRECTION('center_axis',(0.,1.,0.));
#1869=DIRECTION('ref_axis',(-0.560073217135414,0.,-0.828443112982169));
#1870=DIRECTION('center_axis',(-0.927977599003202,0.,-0.372635982895174));
#1871=DIRECTION('ref_axis',(-0.372635982895174,0.,0.927977599003202));
#1872=DIRECTION('center_axis',(0.,-1.,0.));
#1873=DIRECTION('ref_axis',(0.,0.,-1.));
#1874=DIRECTION('center_axis',(-0.133106880693541,0.,-0.991101689188367));
#1875=DIRECTION('ref_axis',(-0.991101689188368,0.,0.133106880693541));
#1876=DIRECTION('center_axis',(0.,1.,0.));
#1877=DIRECTION('ref_axis',(0.,0.,1.));
#1878=DIRECTION('center_axis',(1.,0.,0.));
#1879=DIRECTION('ref_axis',(0.,0.,-1.));
#1880=DIRECTION('',(0.,1.,0.));
#1881=DIRECTION('center_axis',(0.,1.,0.));
#1882=DIRECTION('ref_axis',(-0.707106781186548,0.,0.707106781186547));
#1883=DIRECTION('',(0.,-1.,0.));
#1884=DIRECTION('center_axis',(0.,0.,-1.));
#1885=DIRECTION('ref_axis',(-1.,0.,0.));
#1886=DIRECTION('center_axis',(1.,0.,0.));
#1887=DIRECTION('ref_axis',(0.,0.707106781186548,0.707106781186547));
#1888=DIRECTION('center_axis',(1.,0.,0.));
#1889=DIRECTION('ref_axis',(0.,1.,0.));
#1890=DIRECTION('center_axis',(-1.,0.,0.));
#1891=DIRECTION('ref_axis',(0.,0.,1.));
#1892=DIRECTION('center_axis',(0.,1.,0.));
#1893=DIRECTION('ref_axis',(-0.998662761291815,0.,-0.0516980580777172));
#1894=DIRECTION('center_axis',(0.,1.,0.));
#1895=DIRECTION('ref_axis',(-1.,0.,0.));
#1896=DIRECTION('center_axis',(0.,1.,0.));
#1897=DIRECTION('ref_axis',(-0.0516980580777166,0.,-0.998662761291815));
#1898=DIRECTION('center_axis',(0.,0.,-1.));
#1899=DIRECTION('ref_axis',(0.,1.,0.));
#1900=DIRECTION('center_axis',(0.,1.,0.));
#1901=DIRECTION('ref_axis',(0.,0.,-1.));
#1902=DIRECTION('center_axis',(9.89311978810134E-32,0.,-1.));
#1903=DIRECTION('ref_axis',(0.707106781186547,0.707106781186548,0.));
#1904=DIRECTION('center_axis',(-2.77555756156289E-16,0.,-1.));
#1905=DIRECTION('ref_axis',(0.,1.,0.));
#1906=DIRECTION('center_axis',(0.408248290463863,0.408248290463863,-0.816496580927726));
#1907=DIRECTION('ref_axis',(0.577350269189627,0.577350269189625,0.577350269189626));
#1908=DIRECTION('center_axis',(0.,1.,0.));
#1909=DIRECTION('ref_axis',(0.,0.,-1.));
#1910=DIRECTION('',(0.,1.,0.));
#1911=DIRECTION('center_axis',(0.,1.,0.));
#1912=DIRECTION('ref_axis',(1.,0.,0.));
#1913=CARTESIAN_POINT('',(0.,0.,0.));
#1914=CARTESIAN_POINT('Origin',(-4.06685042167432,1.,-23.4264068711928));
#1915=CARTESIAN_POINT('',(-3.07574873248596,1.,-23.5595137518864));
#1916=CARTESIAN_POINT('',(-2.08464704329759,0.,-23.6926206325799));
#1917=CARTESIAN_POINT('Origin',(-2.08464704329759,1.,-23.6926206325799));
#1918=CARTESIAN_POINT('',(-4.06685042167432,0.,-21.4264068711928));
#1919=CARTESIAN_POINT('Origin',(-4.06685042167432,0.,-23.4264068711928));
#1920=CARTESIAN_POINT('',(-4.06685042167432,1.,-22.4264068711928));
#1921=CARTESIAN_POINT('Origin',(-4.06685042167432,1.,-21.4264068711928));
#1922=CARTESIAN_POINT('Origin',(-4.06685042167432,1.,-23.4264068711928));
#1923=CARTESIAN_POINT('Origin',(-9.90990257669732,1.,-21.4264068711928));
#1924=CARTESIAN_POINT('',(-8.71320343559644,0.,-21.4264068711928));
#1925=CARTESIAN_POINT('',(-8.71320343559644,1.,-22.4264068711928));
#1926=CARTESIAN_POINT('Origin',(-8.71320343559644,1.,-21.4264068711928));
#1927=CARTESIAN_POINT('',(-9.90990257669732,1.,-22.4264068711928));
#1928=CARTESIAN_POINT('',(-9.90990257669732,0.,-21.4264068711928));
#1929=CARTESIAN_POINT('Origin',(-8.71320343559644,1.,-23.4264068711928));
#1930=CARTESIAN_POINT('',(-10.7132034355964,0.,-23.4264068711928));
#1931=CARTESIAN_POINT('',(-9.71320343559644,1.,-23.4264068711928));
#1932=CARTESIAN_POINT('Origin',(-10.7132034355964,1.,-23.4264068711928));
#1933=CARTESIAN_POINT('Origin',(-8.71320343559644,1.,-23.4264068711928));
#1934=CARTESIAN_POINT('Origin',(-8.71320343559644,0.,-23.4264068711928));
#1935=CARTESIAN_POINT('Origin',(-10.7132034355964,1.,-19.6231060122937));
#1936=CARTESIAN_POINT('',(-10.7132034355964,0.,-29.3980394453451));
#1937=CARTESIAN_POINT('',(-9.71320343559644,1.,-29.3980394453451));
#1938=CARTESIAN_POINT('Origin',(-10.7132034355964,1.,-29.3980394453451));
#1939=CARTESIAN_POINT('',(-9.71320343559644,1.,-19.6231060122937));
#1940=CARTESIAN_POINT('',(-10.7132034355964,0.,-19.6231060122937));
#1941=CARTESIAN_POINT('Origin',(-8.71320343559644,1.,-29.3980394453451));
#1942=CARTESIAN_POINT('',(-7.96793146980609,0.,-31.2539946433515));
#1943=CARTESIAN_POINT('',(-8.34056745270126,1.,-30.3260170443483));
#1944=CARTESIAN_POINT('Origin',(-7.96793146980609,1.,-31.2539946433515));
#1945=CARTESIAN_POINT('Origin',(-8.71320343559644,1.,-29.3980394453451));
#1946=CARTESIAN_POINT('Origin',(-8.71320343559644,0.,-29.3980394453451));
#1947=CARTESIAN_POINT('Origin',(-11.5127092199964,1.,-22.4264135813611));
#1948=CARTESIAN_POINT('Origin',(-11.5127092199964,1.,-22.4264135813611));
#1949=CARTESIAN_POINT('Origin',(-11.5127092199964,0.,-22.4264135813611));
#1950=CARTESIAN_POINT('Origin',(-8.71320343559644,0.,-29.3980394453451));
#1951=CARTESIAN_POINT('',(-8.34056745270126,2.,-30.3260170443483));
#1952=CARTESIAN_POINT('',(-8.34056745270126,0.,-30.3260170443483));
#1953=CARTESIAN_POINT('',(-9.71320343559644,2.,-29.3980394453451));
#1954=CARTESIAN_POINT('Origin',(-8.71320343559644,2.,-29.3980394453451));
#1955=CARTESIAN_POINT('',(-9.71320343559644,0.,-29.3980394453451));
#1956=CARTESIAN_POINT('Origin',(-11.5127092199964,0.,-22.4264135813611));
#1957=CARTESIAN_POINT('',(-3.07574873248596,2.,-23.5595137518864));
#1958=CARTESIAN_POINT('',(-3.07574873248596,0.,-23.5595137518864));
#1959=CARTESIAN_POINT('Origin',(-11.5127092199964,2.,-22.4264135813611));
#1960=CARTESIAN_POINT('Origin',(-4.06685042167432,0.,-23.4264068711928));
#1961=CARTESIAN_POINT('',(-4.06685042167432,2.,-22.4264068711928));
#1962=CARTESIAN_POINT('',(-4.06685042167432,0.,-22.4264068711928));
#1963=CARTESIAN_POINT('Origin',(-4.06685042167432,2.,-23.4264068711928));
#1964=CARTESIAN_POINT('Origin',(-16.8198051533946,0.,-16.8198051533946));
#1965=CARTESIAN_POINT('',(-1.,0.,-1.));
#1966=CARTESIAN_POINT('',(-1.,0.,-22.4264068711928));
#1967=CARTESIAN_POINT('',(-1.,0.,-8.40990257669731));
#1968=CARTESIAN_POINT('',(-22.4264068711929,0.,-1.));
#1969=CARTESIAN_POINT('',(-19.6231060122938,0.,-1.));
#1970=CARTESIAN_POINT('',(-21.3718134339695,0.,-21.3718134339694));
#1971=CARTESIAN_POINT('Origin',(-22.4264068711929,0.,-11.2132034355964));
#1972=CARTESIAN_POINT('Origin',(-11.2132034355964,0.,-22.4264068711928));
#1973=CARTESIAN_POINT('',(-13.7132034355964,0.,-17.4264068711928));
#1974=CARTESIAN_POINT('',(-10.7132034355964,0.,-20.4264068711928));
#1975=CARTESIAN_POINT('Origin',(-10.7132034355964,0.,-17.4264068711928));
#1976=CARTESIAN_POINT('',(-13.7132034355964,0.,-5.));
#1977=CARTESIAN_POINT('',(-13.7132034355964,0.,-9.90990257669731));
#1978=CARTESIAN_POINT('',(-10.7132034355964,0.,-2.));
#1979=CARTESIAN_POINT('Origin',(-10.7132034355964,0.,-5.));
#1980=CARTESIAN_POINT('',(-5.,0.,-2.));
#1981=CARTESIAN_POINT('',(-9.90990257669732,0.,-2.));
#1982=CARTESIAN_POINT('',(-2.,0.,-5.));
#1983=CARTESIAN_POINT('Origin',(-5.,0.,-5.));
#1984=CARTESIAN_POINT('',(-2.,0.,-17.4264068711928));
#1985=CARTESIAN_POINT('',(-2.,0.,-18.1231060122937));
#1986=CARTESIAN_POINT('',(-5.,0.,-20.4264068711928));
#1987=CARTESIAN_POINT('Origin',(-5.,0.,-17.4264068711928));
#1988=CARTESIAN_POINT('',(-14.7665042944955,0.,-20.4264068711928));
#1989=CARTESIAN_POINT('',(-27.6396103067893,0.,-7.21320343559641));
#1990=CARTESIAN_POINT('Origin',(-27.6396103067893,0.,-11.2132034355964));
#1991=CARTESIAN_POINT('',(-18.9585680183159,0.,-21.4264068711928));
#1992=CARTESIAN_POINT('',(-20.9407713966926,0.,-23.69262063258));
#1993=CARTESIAN_POINT('Origin',(-18.9585680183159,0.,-23.4264068711928));
#1994=CARTESIAN_POINT('',(-13.7132034355964,0.,-21.4264068711928));
#1995=CARTESIAN_POINT('',(-14.7665042944955,0.,-21.4264068711928));
#1996=CARTESIAN_POINT('',(-11.7132034355964,0.,-23.4264068711928));
#1997=CARTESIAN_POINT('Origin',(-13.7132034355964,0.,-23.4264068711928));
#1998=CARTESIAN_POINT('',(-11.7132034355964,0.,-29.6096318734173));
#1999=CARTESIAN_POINT('',(-11.7132034355964,0.,-23.8369268735866));
#2000=CARTESIAN_POINT('',(-14.2990092084974,0.,-31.5219162655609));
#2001=CARTESIAN_POINT('Origin',(-13.7132034355964,0.,-29.6096318734173));
#2002=CARTESIAN_POINT('Origin',(-11.5127092199964,0.,-22.4264135813611));
#2003=CARTESIAN_POINT('Origin',(-10.7132034355964,1.,-17.4264068711928));
#2004=CARTESIAN_POINT('',(-12.7132034355964,1.,-17.4264068711928));
#2005=CARTESIAN_POINT('Origin',(-13.7132034355964,1.,-17.4264068711928));
#2006=CARTESIAN_POINT('',(-10.7132034355964,1.,-19.4264068711928));
#2007=CARTESIAN_POINT('Origin',(-10.7132034355964,1.,-20.4264068711928));
#2008=CARTESIAN_POINT('Origin',(-10.7132034355964,1.,-17.4264068711928));
#2009=CARTESIAN_POINT('Origin',(-14.7665042944955,1.,-20.4264068711928));
#2010=CARTESIAN_POINT('',(-5.,1.,-19.4264068711928));
#2011=CARTESIAN_POINT('Origin',(-5.,1.,-20.4264068711928));
#2012=CARTESIAN_POINT('',(-14.7665042944955,1.,-19.4264068711928));
#2013=CARTESIAN_POINT('Origin',(-5.,1.,-17.4264068711928));
#2014=CARTESIAN_POINT('',(-3.,1.,-17.4264068711928));
#2015=CARTESIAN_POINT('Origin',(-2.,1.,-17.4264068711928));
#2016=CARTESIAN_POINT('Origin',(-5.,1.,-17.4264068711928));
#2017=CARTESIAN_POINT('Origin',(-2.,1.,-18.1231060122937));
#2018=CARTESIAN_POINT('',(-3.,1.,-5.));
#2019=CARTESIAN_POINT('Origin',(-2.,1.,-5.));
#2020=CARTESIAN_POINT('',(-3.,1.,-18.1231060122937));
#2021=CARTESIAN_POINT('Origin',(-5.,1.,-5.));
#2022=CARTESIAN_POINT('',(-5.,1.,-3.));
#2023=CARTESIAN_POINT('Origin',(-5.,1.,-2.));
#2024=CARTESIAN_POINT('Origin',(-5.,1.,-5.));
#2025=CARTESIAN_POINT('Origin',(-9.90990257669732,1.,-2.));
#2026=CARTESIAN_POINT('',(-10.7132034355964,1.,-3.));
#2027=CARTESIAN_POINT('Origin',(-10.7132034355964,1.,-2.));
#2028=CARTESIAN_POINT('',(-9.90990257669732,1.,-3.));
#2029=CARTESIAN_POINT('Origin',(-10.7132034355964,1.,-5.));
#2030=CARTESIAN_POINT('',(-12.7132034355964,1.,-5.));
#2031=CARTESIAN_POINT('Origin',(-13.7132034355964,1.,-5.));
#2032=CARTESIAN_POINT('Origin',(-10.7132034355964,1.,-5.));
#2033=CARTESIAN_POINT('Origin',(-13.7132034355964,1.,-9.90990257669731));
#2034=CARTESIAN_POINT('',(-12.7132034355964,1.,-9.90990257669731));
#2035=CARTESIAN_POINT('Origin',(-3.,0.,-3.));
#2036=CARTESIAN_POINT('',(-10.7132034355964,2.,-3.));
#2037=CARTESIAN_POINT('',(-10.7132034355964,0.,-3.));
#2038=CARTESIAN_POINT('',(-5.,2.,-3.));
#2039=CARTESIAN_POINT('',(-9.90990257669732,2.,-3.));
#2040=CARTESIAN_POINT('',(-5.,0.,-3.));
#2041=CARTESIAN_POINT('Origin',(-10.7132034355964,0.,-5.));
#2042=CARTESIAN_POINT('',(-12.7132034355964,2.,-5.));
#2043=CARTESIAN_POINT('',(-12.7132034355964,0.,-5.));
#2044=CARTESIAN_POINT('Origin',(-10.7132034355964,2.,-5.));
#2045=CARTESIAN_POINT('Origin',(-12.7132034355964,0.,-3.));
#2046=CARTESIAN_POINT('',(-12.7132034355964,2.,-17.4264068711928));
#2047=CARTESIAN_POINT('',(-12.7132034355964,0.,-17.4264068711928));
#2048=CARTESIAN_POINT('',(-12.7132034355964,2.,-9.90990257669731));
#2049=CARTESIAN_POINT('Origin',(-10.7132034355964,0.,-17.4264068711928));
#2050=CARTESIAN_POINT('',(-10.7132034355964,2.,-19.4264068711928));
#2051=CARTESIAN_POINT('',(-10.7132034355964,0.,-19.4264068711928));
#2052=CARTESIAN_POINT('Origin',(-10.7132034355964,2.,-17.4264068711928));
#2053=CARTESIAN_POINT('Origin',(-18.9585680183159,1.,-23.4264068711928));
#2054=CARTESIAN_POINT('',(-18.9585680183159,1.,-22.4264068711928));
#2055=CARTESIAN_POINT('Origin',(-18.9585680183159,1.,-21.4264068711928));
#2056=CARTESIAN_POINT('',(-19.9496697075043,1.,-23.5595137518864));
#2057=CARTESIAN_POINT('Origin',(-20.9407713966926,1.,-23.69262063258));
#2058=CARTESIAN_POINT('Origin',(-18.9585680183159,1.,-23.4264068711928));
#2059=CARTESIAN_POINT('Origin',(-11.5127092199964,1.,-22.4264135813611));
#2060=CARTESIAN_POINT('',(-14.0061063220469,1.,-30.5657740694891));
#2061=CARTESIAN_POINT('Origin',(-14.2990092084974,1.,-31.5219162655609));
#2062=CARTESIAN_POINT('Origin',(-11.5127092199964,1.,-22.4264135813611));
#2063=CARTESIAN_POINT('Origin',(-13.7132034355964,1.,-29.6096318734173));
#2064=CARTESIAN_POINT('',(-12.7132034355964,1.,-29.6096318734173));
#2065=CARTESIAN_POINT('Origin',(-11.7132034355964,1.,-29.6096318734173));
#2066=CARTESIAN_POINT('Origin',(-13.7132034355964,1.,-29.6096318734173));
#2067=CARTESIAN_POINT('Origin',(-11.7132034355964,1.,-23.8369268735866));
#2068=CARTESIAN_POINT('',(-12.7132034355964,1.,-23.4264068711928));
#2069=CARTESIAN_POINT('Origin',(-11.7132034355964,1.,-23.4264068711928));
#2070=CARTESIAN_POINT('',(-12.7132034355964,1.,-23.8369268735866));
#2071=CARTESIAN_POINT('Origin',(-13.7132034355964,1.,-23.4264068711928));
#2072=CARTESIAN_POINT('',(-13.7132034355964,1.,-22.4264068711928));
#2073=CARTESIAN_POINT('Origin',(-13.7132034355964,1.,-21.4264068711928));
#2074=CARTESIAN_POINT('Origin',(-13.7132034355964,1.,-23.4264068711928));
#2075=CARTESIAN_POINT('Origin',(-14.7665042944955,1.,-21.4264068711928));
#2076=CARTESIAN_POINT('',(-14.7665042944955,1.,-22.4264068711928));
#2077=CARTESIAN_POINT('Origin',(-13.7132034355964,0.,-23.4264068711928));
#2078=CARTESIAN_POINT('',(-13.7132034355964,2.,-22.4264068711928));
#2079=CARTESIAN_POINT('',(-13.7132034355964,0.,-22.4264068711928));
#2080=CARTESIAN_POINT('',(-12.7132034355964,2.,-23.4264068711928));
#2081=CARTESIAN_POINT('Origin',(-13.7132034355964,2.,-23.4264068711928));
#2082=CARTESIAN_POINT('',(-12.7132034355964,0.,-23.4264068711928));
#2083=CARTESIAN_POINT('Origin',(-12.7132034355964,0.,-22.4264068711928));
#2084=CARTESIAN_POINT('',(-18.9585680183159,2.,-22.4264068711928));
#2085=CARTESIAN_POINT('',(-18.9585680183159,0.,-22.4264068711928));
#2086=CARTESIAN_POINT('',(-14.7665042944955,2.,-22.4264068711928));
#2087=CARTESIAN_POINT('Origin',(-18.9585680183159,0.,-23.4264068711928));
#2088=CARTESIAN_POINT('',(-19.9496697075043,2.,-23.5595137518864));
#2089=CARTESIAN_POINT('',(-19.9496697075043,0.,-23.5595137518864));
#2090=CARTESIAN_POINT('Origin',(-18.9585680183159,2.,-23.4264068711928));
#2091=CARTESIAN_POINT('Origin',(-27.6396103067893,1.,-11.2132034355964));
#2092=CARTESIAN_POINT('',(-30.6396103067893,1.,-11.2132034355964));
#2093=CARTESIAN_POINT('',(-27.6396103067893,1.,-8.21320343559641));
#2094=CARTESIAN_POINT('Origin',(-27.6396103067893,1.,-11.2132034355964));
#2095=CARTESIAN_POINT('Origin',(-27.6396103067893,1.,-7.21320343559641));
#2096=CARTESIAN_POINT('Origin',(-27.6396103067893,1.,-11.2132034355964));
#2097=CARTESIAN_POINT('Origin',(-27.6396103067893,0.,-11.2132034355964));
#2098=CARTESIAN_POINT('',(-30.6396103067893,2.,-11.2132034355964));
#2099=CARTESIAN_POINT('',(-27.6396103067893,2.,-8.21320343559641));
#2100=CARTESIAN_POINT('Origin',(-27.6396103067893,2.,-11.2132034355964));
#2101=CARTESIAN_POINT('',(-30.6396103067893,0.,-11.2132034355964));
#2102=CARTESIAN_POINT('Origin',(-27.6396103067893,2.,-11.2132034355964));
#2103=CARTESIAN_POINT('Origin',(-1.,1.,-8.40990257669731));
#2104=CARTESIAN_POINT('',(0.,1.,-22.4264068711928));
#2105=CARTESIAN_POINT('Origin',(-1.,1.,-22.4264068711928));
#2106=CARTESIAN_POINT('',(0.,1.,-1.));
#2107=CARTESIAN_POINT('',(0.,1.,-8.40990257669731));
#2108=CARTESIAN_POINT('Origin',(-1.,1.,-1.));
#2109=CARTESIAN_POINT('Origin',(-11.2132034355964,1.,-22.4264068711928));
#2110=CARTESIAN_POINT('',(-22.4264068711929,1.,-22.4264068711928));
#2111=CARTESIAN_POINT('Origin',(-11.2132034355964,1.,-22.4264068711928));
#2112=CARTESIAN_POINT('Ctrl Pts',(-21.3718134339695,0.,-21.3718134339694));
#2113=CARTESIAN_POINT('Ctrl Pts',(-21.3734735509616,3.37647998960277E-18,
-21.3734735509615));
#2114=CARTESIAN_POINT('Ctrl Pts',(-21.3751336706214,3.28481384319866E-6,
-21.3751336706214));
#2115=CARTESIAN_POINT('Ctrl Pts',(-21.4942990678765,0.000475331965771286,
-21.4942990678758));
#2116=CARTESIAN_POINT('Ctrl Pts',(-21.6127513720912,0.0174344863013661,
-21.6127513720911));
#2117=CARTESIAN_POINT('Ctrl Pts',(-21.8317741933754,0.0873125917760528,
-21.8317741933753));
#2118=CARTESIAN_POINT('Ctrl Pts',(-21.9345616949205,0.137508417737378,-21.9345616949204));
#2119=CARTESIAN_POINT('Ctrl Pts',(-22.1180379480451,0.273518602379425,-22.118037948045));
#2120=CARTESIAN_POINT('Ctrl Pts',(-22.2006222647094,0.35767427717858,-22.2006222647028));
#2121=CARTESIAN_POINT('Ctrl Pts',(-22.3189517290701,0.54029572981855,-22.3189517290643));
#2122=CARTESIAN_POINT('Ctrl Pts',(-22.3607218522855,0.629513165708968,-22.3607218522854));
#2123=CARTESIAN_POINT('Ctrl Pts',(-22.4133032370415,0.815002380826958,-22.4133032370415));
#2124=CARTESIAN_POINT('Ctrl Pts',(-22.4264068711929,0.906482692608645,-22.4264068711928));
#2125=CARTESIAN_POINT('Ctrl Pts',(-22.4264068711929,1.,-22.4264068711928));
#2126=CARTESIAN_POINT('Origin',(-22.4264068711929,1.,-11.2132034355964));
#2127=CARTESIAN_POINT('',(-22.4264068711929,1.,0.));
#2128=CARTESIAN_POINT('Origin',(-22.4264068711929,1.,-1.));
#2129=CARTESIAN_POINT('Origin',(-22.4264068711929,1.,-11.2132034355964));
#2130=CARTESIAN_POINT('Origin',(-19.6231060122938,1.,-1.));
#2131=CARTESIAN_POINT('',(-1.,1.,0.));
#2132=CARTESIAN_POINT('Origin',(-1.,1.,-1.));
#2133=CARTESIAN_POINT('',(-19.6231060122938,1.,0.));
#2134=CARTESIAN_POINT('Origin',(-1.,1.,-1.));
#2135=CARTESIAN_POINT('Origin',(-1.,1.,-1.));
#2136=CARTESIAN_POINT('Origin',(-22.4264068711929,0.,0.));
#2137=CARTESIAN_POINT('',(-1.,2.,0.));
#2138=CARTESIAN_POINT('',(-1.,0.,0.));
#2139=CARTESIAN_POINT('',(-22.4264068711929,2.,0.));
#2140=CARTESIAN_POINT('',(-19.6231060122938,2.,0.));
#2141=CARTESIAN_POINT('',(-22.4264068711929,0.,0.));
#2142=CARTESIAN_POINT('Origin',(-1.,0.,-1.));
#2143=CARTESIAN_POINT('',(0.,2.,-1.));
#2144=CARTESIAN_POINT('',(0.,0.,-1.));
#2145=CARTESIAN_POINT('Origin',(-1.,2.,-1.));
#2146=CARTESIAN_POINT('Origin',(0.,0.,0.));
#2147=CARTESIAN_POINT('',(0.,2.,-22.4264068711928));
#2148=CARTESIAN_POINT('',(0.,0.,-22.4264068711928));
#2149=CARTESIAN_POINT('',(0.,2.,-8.40990257669731));
#2150=CARTESIAN_POINT('Origin',(-27.6396103067893,2.,-11.2132034355964));
#2151=CARTESIAN_POINT('',(-27.6396103067893,3.,-7.21320343559641));
#2152=CARTESIAN_POINT('Origin',(-27.6396103067893,3.,-11.2132034355964));
#2153=CARTESIAN_POINT('Origin',(-27.6396103067893,2.,-7.21320343559641));
#2154=CARTESIAN_POINT('Origin',(-16.8198051533946,3.,-16.8198051533946));
#2155=CARTESIAN_POINT('',(-1.,3.,-1.));
#2156=CARTESIAN_POINT('',(-22.4264068711929,3.,-1.));
#2157=CARTESIAN_POINT('',(-19.6231060122938,3.,-1.));
#2158=CARTESIAN_POINT('',(-1.,3.,-22.4264068711928));
#2159=CARTESIAN_POINT('',(-1.,3.,-8.40990257669731));
#2160=CARTESIAN_POINT('',(-21.3718134339695,3.,-21.3718134339694));
#2161=CARTESIAN_POINT('Origin',(-11.2132034355964,3.,-22.4264068711928));
#2162=CARTESIAN_POINT('Origin',(-22.4264068711929,3.,-11.2132034355964));
#2163=CARTESIAN_POINT('',(-14.2990092084974,3.,-31.5219162655609));
#2164=CARTESIAN_POINT('',(-20.9407713966926,3.,-23.69262063258));
#2165=CARTESIAN_POINT('Origin',(-11.5127092199964,3.,-22.4264135813611));
#2166=CARTESIAN_POINT('',(-11.7132034355964,3.,-29.6096318734173));
#2167=CARTESIAN_POINT('Origin',(-13.7132034355964,3.,-29.6096318734173));
#2168=CARTESIAN_POINT('',(-11.7132034355964,3.,-23.4264068711928));
#2169=CARTESIAN_POINT('',(-11.7132034355964,3.,-23.8369268735866));
#2170=CARTESIAN_POINT('',(-13.7132034355964,3.,-21.4264068711928));
#2171=CARTESIAN_POINT('Origin',(-13.7132034355964,3.,-23.4264068711928));
#2172=CARTESIAN_POINT('',(-18.9585680183159,3.,-21.4264068711928));
#2173=CARTESIAN_POINT('',(-14.7665042944955,3.,-21.4264068711928));
#2174=CARTESIAN_POINT('Origin',(-18.9585680183159,3.,-23.4264068711928));
#2175=CARTESIAN_POINT('',(-8.71320343559644,3.,-21.4264068711928));
#2176=CARTESIAN_POINT('',(-4.06685042167432,3.,-21.4264068711928));
#2177=CARTESIAN_POINT('',(-9.90990257669732,3.,-21.4264068711928));
#2178=CARTESIAN_POINT('',(-10.7132034355964,3.,-23.4264068711928));
#2179=CARTESIAN_POINT('Origin',(-8.71320343559644,3.,-23.4264068711928));
#2180=CARTESIAN_POINT('',(-10.7132034355964,3.,-29.3980394453451));
#2181=CARTESIAN_POINT('',(-10.7132034355964,3.,-19.6231060122937));
#2182=CARTESIAN_POINT('',(-7.96793146980609,3.,-31.2539946433515));
#2183=CARTESIAN_POINT('Origin',(-8.71320343559644,3.,-29.3980394453451));
#2184=CARTESIAN_POINT('',(-2.08464704329759,3.,-23.6926206325799));
#2185=CARTESIAN_POINT('Origin',(-11.5127092199964,3.,-22.4264135813611));
#2186=CARTESIAN_POINT('Origin',(-4.06685042167432,3.,-23.4264068711928));
#2187=CARTESIAN_POINT('',(-5.,3.,-20.4264068711928));
#2188=CARTESIAN_POINT('',(-10.7132034355964,3.,-20.4264068711928));
#2189=CARTESIAN_POINT('',(-14.7665042944955,3.,-20.4264068711928));
#2190=CARTESIAN_POINT('',(-2.,3.,-17.4264068711928));
#2191=CARTESIAN_POINT('Origin',(-5.,3.,-17.4264068711928));
#2192=CARTESIAN_POINT('',(-2.,3.,-5.));
#2193=CARTESIAN_POINT('',(-2.,3.,-18.1231060122937));
#2194=CARTESIAN_POINT('',(-5.,3.,-2.));
#2195=CARTESIAN_POINT('Origin',(-5.,3.,-5.));
#2196=CARTESIAN_POINT('',(-10.7132034355964,3.,-2.));
#2197=CARTESIAN_POINT('',(-9.90990257669732,3.,-2.));
#2198=CARTESIAN_POINT('',(-13.7132034355964,3.,-5.));
#2199=CARTESIAN_POINT('Origin',(-10.7132034355964,3.,-5.));
#2200=CARTESIAN_POINT('',(-13.7132034355964,3.,-17.4264068711928));
#2201=CARTESIAN_POINT('',(-13.7132034355964,3.,-9.90990257669731));
#2202=CARTESIAN_POINT('Origin',(-10.7132034355964,3.,-17.4264068711928));
#2203=CARTESIAN_POINT('Origin',(-11.5127092199964,2.,-22.4264135813611));
#2204=CARTESIAN_POINT('Origin',(-20.9407713966926,2.,-23.69262063258));
#2205=CARTESIAN_POINT('',(-14.0061063220469,2.,-30.5657740694891));
#2206=CARTESIAN_POINT('Origin',(-11.5127092199964,2.,-22.4264135813611));
#2207=CARTESIAN_POINT('Origin',(-14.2990092084974,2.,-31.5219162655609));
#2208=CARTESIAN_POINT('Origin',(-13.7132034355964,2.,-29.6096318734173));
#2209=CARTESIAN_POINT('',(-12.7132034355964,2.,-29.6096318734173));
#2210=CARTESIAN_POINT('Origin',(-11.7132034355964,2.,-29.6096318734173));
#2211=CARTESIAN_POINT('Origin',(-13.7132034355964,2.,-29.6096318734173));
#2212=CARTESIAN_POINT('Origin',(-11.7132034355964,2.,-23.8369268735866));
#2213=CARTESIAN_POINT('Origin',(-11.7132034355964,2.,-23.4264068711928));
#2214=CARTESIAN_POINT('',(-12.7132034355964,2.,-23.8369268735866));
#2215=CARTESIAN_POINT('Origin',(-13.7132034355964,2.,-23.4264068711928));
#2216=CARTESIAN_POINT('Origin',(-13.7132034355964,2.,-21.4264068711928));
#2217=CARTESIAN_POINT('Origin',(-14.7665042944955,2.,-21.4264068711928));
#2218=CARTESIAN_POINT('Origin',(-18.9585680183159,2.,-21.4264068711928));
#2219=CARTESIAN_POINT('Origin',(-18.9585680183159,2.,-23.4264068711928));
#2220=CARTESIAN_POINT('Origin',(-12.7132034355964,0.,-30.8540485937785));
#2221=CARTESIAN_POINT('',(-12.7132034355964,0.,-29.6096318734173));
#2222=CARTESIAN_POINT('Origin',(-13.7132034355964,0.,-29.6096318734173));
#2223=CARTESIAN_POINT('',(-14.0061063220469,0.,-30.5657740694891));
#2224=CARTESIAN_POINT('Origin',(-11.5127092199964,0.,-22.4264135813611));
#2225=CARTESIAN_POINT('Origin',(-14.7665042944955,2.,-20.4264068711928));
#2226=CARTESIAN_POINT('Origin',(-10.7132034355964,2.,-20.4264068711928));
#2227=CARTESIAN_POINT('',(-5.,2.,-19.4264068711928));
#2228=CARTESIAN_POINT('',(-14.7665042944955,2.,-19.4264068711928));
#2229=CARTESIAN_POINT('Origin',(-5.,2.,-20.4264068711928));
#2230=CARTESIAN_POINT('Origin',(-5.,2.,-17.4264068711928));
#2231=CARTESIAN_POINT('',(-3.,2.,-17.4264068711928));
#2232=CARTESIAN_POINT('Origin',(-2.,2.,-17.4264068711928));
#2233=CARTESIAN_POINT('Origin',(-5.,2.,-17.4264068711928));
#2234=CARTESIAN_POINT('Origin',(-2.,2.,-18.1231060122937));
#2235=CARTESIAN_POINT('',(-3.,2.,-5.));
#2236=CARTESIAN_POINT('Origin',(-2.,2.,-5.));
#2237=CARTESIAN_POINT('',(-3.,2.,-18.1231060122937));
#2238=CARTESIAN_POINT('Origin',(-5.,2.,-5.));
#2239=CARTESIAN_POINT('Origin',(-5.,2.,-2.));
#2240=CARTESIAN_POINT('Origin',(-5.,2.,-5.));
#2241=CARTESIAN_POINT('Origin',(-9.90990257669732,2.,-2.));
#2242=CARTESIAN_POINT('Origin',(-10.7132034355964,2.,-2.));
#2243=CARTESIAN_POINT('Origin',(-10.7132034355964,2.,-5.));
#2244=CARTESIAN_POINT('Origin',(-13.7132034355964,2.,-5.));
#2245=CARTESIAN_POINT('Origin',(-13.7132034355964,2.,-9.90990257669731));
#2246=CARTESIAN_POINT('Origin',(-13.7132034355964,2.,-17.4264068711928));
#2247=CARTESIAN_POINT('Origin',(-10.7132034355964,2.,-17.4264068711928));
#2248=CARTESIAN_POINT('Origin',(-5.,0.,-5.));
#2249=CARTESIAN_POINT('',(-3.,0.,-5.));
#2250=CARTESIAN_POINT('Origin',(-3.,0.,-19.4264068711928));
#2251=CARTESIAN_POINT('',(-3.,0.,-17.4264068711928));
#2252=CARTESIAN_POINT('Origin',(-5.,0.,-17.4264068711928));
#2253=CARTESIAN_POINT('',(-5.,0.,-19.4264068711928));
#2254=CARTESIAN_POINT('Origin',(-12.7132034355964,0.,-19.4264068711928));
#2255=CARTESIAN_POINT('Origin',(-9.90990257669732,2.,-21.4264068711928));
#2256=CARTESIAN_POINT('Origin',(-4.06685042167432,2.,-21.4264068711928));
#2257=CARTESIAN_POINT('',(-8.71320343559644,2.,-22.4264068711928));
#2258=CARTESIAN_POINT('',(-9.90990257669732,2.,-22.4264068711928));
#2259=CARTESIAN_POINT('Origin',(-8.71320343559644,2.,-21.4264068711928));
#2260=CARTESIAN_POINT('Origin',(-8.71320343559644,2.,-23.4264068711928));
#2261=CARTESIAN_POINT('',(-9.71320343559644,2.,-23.4264068711928));
#2262=CARTESIAN_POINT('Origin',(-10.7132034355964,2.,-23.4264068711928));
#2263=CARTESIAN_POINT('Origin',(-8.71320343559644,2.,-23.4264068711928));
#2264=CARTESIAN_POINT('Origin',(-10.7132034355964,2.,-19.6231060122937));
#2265=CARTESIAN_POINT('Origin',(-10.7132034355964,2.,-29.3980394453451));
#2266=CARTESIAN_POINT('',(-9.71320343559644,2.,-19.6231060122937));
#2267=CARTESIAN_POINT('Origin',(-8.71320343559644,2.,-29.3980394453451));
#2268=CARTESIAN_POINT('Origin',(-7.96793146980609,2.,-31.2539946433515));
#2269=CARTESIAN_POINT('Origin',(-11.5127092199964,2.,-22.4264135813611));
#2270=CARTESIAN_POINT('Origin',(-2.08464704329759,2.,-23.6926206325799));
#2271=CARTESIAN_POINT('Origin',(-4.06685042167432,2.,-23.4264068711928));
#2272=CARTESIAN_POINT('Origin',(-9.71320343559644,0.,-22.4264068711928));
#2273=CARTESIAN_POINT('',(-9.71320343559644,0.,-23.4264068711928));
#2274=CARTESIAN_POINT('Origin',(-8.71320343559644,0.,-23.4264068711928));
#2275=CARTESIAN_POINT('',(-8.71320343559644,0.,-22.4264068711928));
#2276=CARTESIAN_POINT('Origin',(-3.,0.,-22.4264068711928));
#2277=CARTESIAN_POINT('Origin',(-19.6231060122938,2.,-1.));
#2278=CARTESIAN_POINT('Origin',(-22.4264068711929,2.,-1.));
#2279=CARTESIAN_POINT('Origin',(-1.,2.,-1.));
#2280=CARTESIAN_POINT('Origin',(-22.4264068711929,2.,-11.2132034355964));
#2281=CARTESIAN_POINT('',(-22.4264068711929,2.,-22.4264068711928));
#2282=CARTESIAN_POINT('Origin',(-22.4264068711929,2.,-11.2132034355964));
#2283=CARTESIAN_POINT('Ctrl Pts',(-21.3718134339695,3.,-21.3718134339694));
#2284=CARTESIAN_POINT('Ctrl Pts',(-21.3734735509616,3.,-21.3734735509615));
#2285=CARTESIAN_POINT('Ctrl Pts',(-21.3751336706213,2.99999671518616,-21.3751336706214));
#2286=CARTESIAN_POINT('Ctrl Pts',(-21.4942990678771,2.99952466803424,-21.4942990678752));
#2287=CARTESIAN_POINT('Ctrl Pts',(-21.6127513720911,2.98256551369864,-21.6127513720911));
#2288=CARTESIAN_POINT('Ctrl Pts',(-21.8317741933754,2.91268740822395,-21.8317741933753));
#2289=CARTESIAN_POINT('Ctrl Pts',(-21.9345616949205,2.86249158226262,-21.9345616949204));
#2290=CARTESIAN_POINT('Ctrl Pts',(-22.1180379480451,2.72648139762058,-22.118037948045));
#2291=CARTESIAN_POINT('Ctrl Pts',(-22.2006222647029,2.64232572282142,-22.2006222647093));
#2292=CARTESIAN_POINT('Ctrl Pts',(-22.3189517290643,2.45970427018146,-22.31895172907));
#2293=CARTESIAN_POINT('Ctrl Pts',(-22.3607218522855,2.37048683429104,-22.3607218522854));
#2294=CARTESIAN_POINT('Ctrl Pts',(-22.4133032370415,2.18499761917304,-22.4133032370415));
#2295=CARTESIAN_POINT('Ctrl Pts',(-22.4264068711929,2.09351730739136,-22.4264068711928));
#2296=CARTESIAN_POINT('Ctrl Pts',(-22.4264068711929,2.,-22.4264068711928));
#2297=CARTESIAN_POINT('Origin',(-11.2132034355964,2.,-22.4264068711928));
#2298=CARTESIAN_POINT('Origin',(-1.,2.,-22.4264068711928));
#2299=CARTESIAN_POINT('Origin',(-11.2132034355964,2.,-22.4264068711928));
#2300=CARTESIAN_POINT('Origin',(-1.,2.,-8.40990257669731));
#2301=CARTESIAN_POINT('Origin',(-1.,2.,-1.));
#2302=CARTESIAN_POINT('Origin',(-1.,2.,-1.));
#2303=CARTESIAN_POINT('Origin',(-22.4264068711929,0.,-11.2132034355964));
#2304=CARTESIAN_POINT('',(-22.4264068711929,0.,-22.4264068711928));
#2305=CARTESIAN_POINT('Origin',(-11.2132034355964,0.,-22.4264068711928));
#2306=UNCERTAINTY_MEASURE_WITH_UNIT(LENGTH_MEASURE(0.01),#2310,
'DISTANCE_ACCURACY_VALUE',
'Maximum model space distance between geometric entities at asserted c
onnectivities');
#2307=UNCERTAINTY_MEASURE_WITH_UNIT(LENGTH_MEASURE(0.01),#2310,
'DISTANCE_ACCURACY_VALUE',
'Maximum model space distance between geometric entities at asserted c
onnectivities');
#2308=(
GEOMETRIC_REPRESENTATION_CONTEXT(3)
GLOBAL_UNCERTAINTY_ASSIGNED_CONTEXT((#2306))
GLOBAL_UNIT_ASSIGNED_CONTEXT((#2310,#2312,#2313))
REPRESENTATION_CONTEXT('','3D')
);
#2309=(
GEOMETRIC_REPRESENTATION_CONTEXT(3)
GLOBAL_UNCERTAINTY_ASSIGNED_CONTEXT((#2307))
GLOBAL_UNIT_ASSIGNED_CONTEXT((#2310,#2312,#2313))
REPRESENTATION_CONTEXT('','3D')
);
#2310=(
LENGTH_UNIT()
NAMED_UNIT(*)
SI_UNIT(.MILLI.,.METRE.)
);
#2311=(
LENGTH_UNIT()
NAMED_UNIT(*)
SI_UNIT($,.METRE.)
);
#2312=(
NAMED_UNIT(*)
PLANE_ANGLE_UNIT()
SI_UNIT($,.RADIAN.)
);
#2313=(
NAMED_UNIT(*)
SI_UNIT($,.STERADIAN.)
SOLID_ANGLE_UNIT()
);
#2314=SHAPE_DEFINITION_REPRESENTATION(#2315,#2316);
#2315=PRODUCT_DEFINITION_SHAPE('',$,#2318);
#2316=SHAPE_REPRESENTATION('',(#1262),#2308);
#2317=PRODUCT_DEFINITION_CONTEXT('part definition',#2322,'design');
#2318=PRODUCT_DEFINITION('Actual para Heart','Actual para Heart v2',#2319,
#2317);
#2319=PRODUCT_DEFINITION_FORMATION('',$,#2324);
#2320=PRODUCT_RELATED_PRODUCT_CATEGORY('Actual para Heart v2',
'Actual para Heart v2',(#2324));
#2321=APPLICATION_PROTOCOL_DEFINITION('international standard',
'automotive_design',2009,#2322);
#2322=APPLICATION_CONTEXT(
'Core Data for Automotive Mechanical Design Process');
#2323=PRODUCT_CONTEXT('part definition',#2322,'mechanical');
#2324=PRODUCT('Actual para Heart','Actual para Heart v2',$,(#2323));
#2325=PRESENTATION_STYLE_ASSIGNMENT((#2326));
#2326=SURFACE_STYLE_USAGE(.BOTH.,#2327);
#2327=SURFACE_SIDE_STYLE('',(#2328));
#2328=SURFACE_STYLE_FILL_AREA(#2329);
#2329=FILL_AREA_STYLE('Steel - Satin',(#2330));
#2330=FILL_AREA_STYLE_COLOUR('Steel - Satin',#2331);
#2331=COLOUR_RGB('Steel - Satin',0.627450980392157,0.627450980392157,0.627450980392157);
ENDSEC;
END-ISO-10303-21;
